Class,Timestamp,Framecount,SessionID,Email,$Coord 0,$Coord 1,$Coord 2,$Coord 3,$Coord 4,$Coord 5,$Coord 6,$Coord 7,$Coord 8,$Coord 9,$Coord 10,$Coord 11,$Coord 12
0,2023-04-18 13:13:17.9907,789,d7bb727b4f3dba64bb338227d87a66d3,anonymous,0.0000,0.0000,0.0000,-0.0118,-0.0811,0.0534,0.9952,0.2043,-0.8219,0.1607,-0.2564,-0.9579,-0.1215
0,2023-04-18 13:13:18.0055,790,d7bb727b4f3dba64bb338227d87a66d3,anonymous,0.0000,0.0000,0.0000,-0.0030,-0.0783,0.0570,0.9953,0.2043,-0.8391,0.1592,-0.2328,-0.9668,-0.0658
0,2023-04-18 13:13:18.0325,791,d7bb727b4f3dba64bb338227d87a66d3,anonymous,0.0000,0.0000,0.0000,-0.0057,-0.0793,0.0550,0.9953,0.2058,-0.8390,0.1552,-0.2471,-0.9648,-0.0854
0,2023-04-18 13:13:18.0580,792,d7bb727b4f3dba64bb338227d87a66d3,anonymous,0.0000,0.0000,0.0000,0.0029,-0.0727,0.0530,0.9959,0.2147,-0.8791,0.1414,-0.2074,-0.9744,-0.0081
0,2023-04-18 13:13:18.0864,793,d7bb727b4f3dba64bb338227d87a66d3,anonymous,0.0000,0.0000,0.0000,0.0018,-0.0712,0.0502,0.9962,0.2191,-0.8908,0.1289,-0.1973,-0.9750,0.0040
0,2023-04-18 13:13:18.1050,794,d7bb727b4f3dba64bb338227d87a66d3,anonymous,0.0000,0.0000,0.0000,0.0031,-0.0689,0.0479,0.9965,0.2245,-0.9064,0.1185,-0.1783,-0.9757,0.0312
0,2023-04-18 13:13:18.1212,795,d7bb727b4f3dba64bb338227d87a66d3,anonymous,0.0000,0.0000,0.0000,0.0005,-0.0695,0.0472,0.9965,0.2266,-0.9043,0.1175,-0.1798,-0.9725,0.0199
0,2023-04-18 13:13:18.1344,796,d7bb727b4f3dba64bb338227d87a66d3,anonymous,0.0000,0.0000,0.0000,0.0006,-0.0673,0.0457,0.9967,0.2311,-0.9154,0.1071,-0.1579,-0.9709,0.0434
0,2023-04-18 13:13:18.1489,797,d7bb727b4f3dba64bb338227d87a66d3,anonymous,0.0000,0.0000,0.0000,0.0013,-0.0647,0.0441,0.9969,0.2353,-0.9298,0.0880,-0.1241,-0.9668,0.0781
0,2023-04-18 13:13:18.1615,798,d7bb727b4f3dba64bb338227d87a66d3,anonymous,0.0000,0.0000,0.0000,0.0009,-0.0659,0.0453,0.9968,0.2316,-0.9235,0.0898,-0.1300,-0.9659,0.0671
0,2023-04-18 13:13:18.1756,799,d7bb727b4f3dba64bb338227d87a66d3,anonymous,0.0000,0.0000,0.0000,0.0017,-0.0644,0.0456,0.9969,0.2311,-0.9302,0.0735,-0.1019,-0.9600,0.0901
0,2023-04-18 13:13:18.1904,800,d7bb727b4f3dba64bb338227d87a66d3,anonymous,0.0000,0.0000,0.0000,0.0017,-0.0639,0.0468,0.9969,0.2283,-0.9299,0.0642,-0.0836,-0.9533,0.1001
0,2023-04-18 13:13:18.2032,801,d7bb727b4f3dba64bb338227d87a66d3,anonymous,0.0000,0.0000,0.0000,0.0017,-0.0630,0.0469,0.9969,0.2284,-0.9318,0.0571,-0.0686,-0.9487,0.1102
0,2023-04-18 13:13:18.2168,802,d7bb727b4f3dba64bb338227d87a66d3,anonymous,0.0000,0.0000,0.0000,0.0012,-0.0619,0.0469,0.9970,0.2300,-0.9323,0.0512,-0.0513,-0.9409,0.1180
0,2023-04-18 13:13:18.2314,803,d7bb727b4f3dba64bb338227d87a66d3,anonymous,0.0000,0.0000,0.0000,0.0006,-0.0610,0.0470,0.9970,0.2322,-0.9351,0.0451,-0.0364,-0.9344,0.1267
0,2023-04-18 13:13:18.2444,804,d7bb727b4f3dba64bb338227d87a66d3,anonymous,0.0000,0.0000,0.0000,0.0007,-0.0601,0.0469,0.9971,0.2334,-0.9383,0.0385,-0.0229,-0.9305,0.1372
0,2023-04-18 13:13:18.2702,805,d7bb727b4f3dba64bb338227d87a66d3,anonymous,0.0000,0.0000,0.0000,0.0007,-0.0592,0.0468,0.9971,0.2347,-0.9415,0.0318,-0.0095,-0.9265,0.1477
0,2023-04-18 13:13:18.2877,806,d7bb727b4f3dba64bb338227d87a66d3,anonymous,0.0000,0.0000,0.0000,-0.0014,-0.0580,0.0477,0.9972,0.2323,-0.9328,0.0355,0.0036,-0.9056,0.1423
0,2023-04-18 13:13:18.2982,807,d7bb727b4f3dba64bb338227d87a66d3,anonymous,0.0000,0.0000,0.0000,-0.0018,-0.0567,0.0483,0.9972,0.2308,-0.9324,0.0311,0.0152,-0.8967,0.1479
0,2023-04-18 13:13:18.3118,808,d7bb727b4f3dba64bb338227d87a66d3,anonymous,0.0000,0.0000,0.0000,-0.0023,-0.0541,0.0486,0.9974,0.2317,-0.9359,0.0172,0.0492,-0.8792,0.1692
0,2023-04-18 13:13:18.3244,809,d7bb727b4f3dba64bb338227d87a66d3,anonymous,0.0000,0.0000,0.0000,-0.0032,-0.0546,0.0503,0.9972,0.2252,-0.9274,0.0273,0.0340,-0.8782,0.1567
0,2023-04-18 13:13:18.3363,810,d7bb727b4f3dba64bb338227d87a66d3,anonymous,0.0000,0.0000,0.0000,-0.0046,-0.0530,0.0518,0.9972,0.2301,-0.9221,0.0463,0.0509,-0.8620,0.1661
0,2023-04-18 13:13:18.3507,811,d7bb727b4f3dba64bb338227d87a66d3,anonymous,0.0000,0.0000,0.0000,-0.0056,-0.0516,0.0526,0.9973,0.2331,-0.9176,0.0601,0.0547,-0.8543,0.1685
0,2023-04-18 13:13:18.3631,812,d7bb727b4f3dba64bb338227d87a66d3,anonymous,0.0000,0.0000,0.0000,-0.0063,-0.0501,0.0534,0.9973,0.2348,-0.9136,0.0692,0.0590,-0.8477,0.1713
0,2023-04-18 13:13:18.3776,813,d7bb727b4f3dba64bb338227d87a66d3,anonymous,0.0000,0.0000,0.0000,-0.0054,-0.0505,0.0536,0.9973,0.2355,-0.9117,0.0741,0.0415,-0.8584,0.1617
0,2023-04-18 13:13:18.3867,814,d7bb727b4f3dba64bb338227d87a66d3,anonymous,0.0000,0.0000,0.0000,-0.0055,-0.0477,0.0556,0.9973,0.2377,-0.9057,0.0818,0.0511,-0.8470,0.1681
0,2023-04-18 13:13:18.4005,815,d7bb727b4f3dba64bb338227d87a66d3,anonymous,0.0000,0.0000,0.0000,-0.0046,-0.0464,0.0571,0.9973,0.2378,-0.9020,0.0848,0.0510,-0.8446,0.1686
0,2023-04-18 13:13:18.4243,816,d7bb727b4f3dba64bb338227d87a66d3,anonymous,0.0000,0.0000,0.0000,-0.0038,-0.0455,0.0592,0.9972,0.2375,-0.8992,0.0868,0.0478,-0.8458,0.1669
0,2023-04-18 13:13:18.4432,817,d7bb727b4f3dba64bb338227d87a66d3,anonymous,0.0000,0.0000,0.0000,-0.0035,-0.0454,0.0613,0.9971,0.2374,-0.8980,0.0886,0.0381,-0.8550,0.1601
0,2023-04-18 13:13:18.4557,818,d7bb727b4f3dba64bb338227d87a66d3,anonymous,0.0000,0.0000,0.0000,-0.0035,-0.0445,0.0624,0.9970,0.2378,-0.8961,0.0912,0.0400,-0.8527,0.1613
0,2023-04-18 13:13:18.4725,819,d7bb727b4f3dba64bb338227d87a66d3,anonymous,0.0000,0.0000,0.0000,-0.0036,-0.0415,0.0660,0.9970,0.2392,-0.8899,0.0992,0.0485,-0.8426,0.1669
0,2023-04-18 13:13:18.4862,820,d7bb727b4f3dba64bb338227d87a66d3,anonymous,0.0000,0.0000,0.0000,-0.0040,-0.0445,0.0639,0.9970,0.2385,-0.8952,0.0943,0.0252,-0.8718,0.1495
0,2023-04-18 13:13:18.4963,821,d7bb727b4f3dba64bb338227d87a66d3,anonymous,0.0000,0.0000,0.0000,-0.0040,-0.0436,0.0653,0.9969,0.2389,-0.8927,0.0978,0.0187,-0.8804,0.1444
0,2023-04-18 13:13:18.5097,822,d7bb727b4f3dba64bb338227d87a66d3,anonymous,0.0000,0.0000,0.0000,-0.0029,-0.0436,0.0651,0.9969,0.2378,-0.8917,0.0973,0.0077,-0.8935,0.1366
0,2023-04-18 13:13:18.5233,823,d7bb727b4f3dba64bb338227d87a66d3,anonymous,0.0000,0.0000,0.0000,-0.0013,-0.0436,0.0646,0.9970,0.2363,-0.8903,0.0973,-0.0022,-0.9045,0.1295
0,2023-04-18 13:13:18.5373,824,d7bb727b4f3dba64bb338227d87a66d3,anonymous,0.0000,0.0000,0.0000,-0.0001,-0.0434,0.0638,0.9970,0.2345,-0.8894,0.0966,-0.0120,-0.9150,0.1224
0,2023-04-18 13:13:18.5519,825,d7bb727b4f3dba64bb338227d87a66d3,anonymous,0.0000,0.0000,0.0000,0.0003,-0.0432,0.0628,0.9971,0.2317,-0.8887,0.0952,-0.0236,-0.9267,0.1142
0,2023-04-18 13:13:18.5764,826,d7bb727b4f3dba64bb338227d87a66d3,anonymous,0.0000,0.0000,0.0000,0.0004,-0.0429,0.0621,0.9971,0.2299,-0.8877,0.0953,-0.0345,-0.9368,0.1065
0,2023-04-18 13:13:18.5933,827,d7bb727b4f3dba64bb338227d87a66d3,anonymous,0.0000,0.0000,0.0000,-0.0018,-0.0443,0.0612,0.9971,0.2244,-0.8891,0.0901,-0.0559,-0.9539,0.0895
0,2023-04-18 13:13:18.6038,828,d7bb727b4f3dba64bb338227d87a66d3,anonymous,0.0000,0.0000,0.0000,-0.0027,-0.0450,0.0613,0.9971,0.2208,-0.8891,0.0871,-0.0680,-0.9630,0.0804
0,2023-04-18 13:13:18.6180,829,d7bb727b4f3dba64bb338227d87a66d3,anonymous,0.0000,0.0000,0.0000,-0.0046,-0.0466,0.0617,0.9970,0.2147,-0.8908,0.0805,-0.0999,-0.9855,0.0571
0,2023-04-18 13:13:18.6327,830,d7bb727b4f3dba64bb338227d87a66d3,anonymous,0.0000,0.0000,0.0000,-0.0054,-0.0471,0.0620,0.9969,0.2159,-0.8929,0.0792,-0.0982,-0.9805,0.0586
0,2023-04-18 13:13:18.6449,831,d7bb727b4f3dba64bb338227d87a66d3,anonymous,0.0000,0.0000,0.0000,-0.0073,-0.0486,0.0627,0.9968,0.2126,-0.8964,0.0734,-0.1253,-0.9949,0.0391
0,2023-04-18 13:13:18.6588,832,d7bb727b4f3dba64bb338227d87a66d3,anonymous,0.0000,0.0000,0.0000,-0.0080,-0.0493,0.0634,0.9967,0.2104,-0.8978,0.0705,-0.1405,-1.0007,0.0280
0,2023-04-18 13:13:18.6717,833,d7bb727b4f3dba64bb338227d87a66d3,anonymous,0.0000,0.0000,0.0000,-0.0086,-0.0504,0.0641,0.9966,0.2080,-0.8987,0.0677,-0.1548,-1.0062,0.0173
0,2023-04-18 13:13:18.6869,834,d7bb727b4f3dba64bb338227d87a66d3,anonymous,0.0000,0.0000,0.0000,-0.0092,-0.0509,0.0644,0.9966,0.2060,-0.8994,0.0656,-0.1669,-1.0131,0.0085
0,2023-04-18 13:13:18.6979,835,d7bb727b4f3dba64bb338227d87a66d3,anonymous,0.0000,0.0000,0.0000,-0.0098,-0.0515,0.0647,0.9965,0.2038,-0.9000,0.0636,-0.1790,-1.0199,-0.0004
0,2023-04-18 13:13:18.7111,836,d7bb727b4f3dba64bb338227d87a66d3,anonymous,0.0000,0.0000,0.0000,-0.0088,-0.0535,0.0641,0.9965,0.2075,-0.9018,0.0633,-0.1713,-1.0005,-0.0019
0,2023-04-18 13:13:18.7365,837,d7bb727b4f3dba64bb338227d87a66d3,anonymous,0.0000,0.0000,0.0000,-0.0097,-0.0559,0.0644,0.9963,0.2051,-0.9045,0.0590,-0.1951,-1.0065,-0.0242
0,2023-04-18 13:13:18.7494,838,d7bb727b4f3dba64bb338227d87a66d3,anonymous,0.0000,0.0000,0.0000,-0.0083,-0.0575,0.0641,0.9962,0.2045,-0.9057,0.0584,-0.2015,-1.0007,-0.0367
0,2023-04-18 13:13:18.7637,839,d7bb727b4f3dba64bb338227d87a66d3,anonymous,0.0000,0.0000,0.0000,-0.0080,-0.0588,0.0637,0.9962,0.2029,-0.9063,0.0577,-0.2098,-0.9999,-0.0472
0,2023-04-18 13:13:18.7762,840,d7bb727b4f3dba64bb338227d87a66d3,anonymous,0.0000,0.0000,0.0000,-0.0084,-0.0625,0.0636,0.9960,0.1982,-0.9095,0.0524,-0.2425,-1.0060,-0.0800
0,2023-04-18 13:13:18.7918,841,d7bb727b4f3dba64bb338227d87a66d3,anonymous,0.0000,0.0000,0.0000,-0.0092,-0.0624,0.0624,0.9961,0.1993,-0.9072,0.0570,-0.2237,-0.9973,-0.0652
0,2023-04-18 13:13:18.8035,842,d7bb727b4f3dba64bb338227d87a66d3,anonymous,0.0000,0.0000,0.0000,-0.0130,-0.0667,0.0606,0.9958,0.1963,-0.9085,0.0584,-0.2376,-0.9955,-0.0817
0,2023-04-18 13:13:18.8172,843,d7bb727b4f3dba64bb338227d87a66d3,anonymous,0.0000,0.0000,0.0000,-0.0147,-0.0687,0.0595,0.9958,0.1946,-0.9094,0.0589,-0.2443,-0.9948,-0.0895
0,2023-04-18 13:13:18.8317,844,d7bb727b4f3dba64bb338227d87a66d3,anonymous,0.0000,0.0000,0.0000,-0.0192,-0.0717,0.0556,0.9957,0.1934,-0.9092,0.0664,-0.2464,-0.9912,-0.0914
0,2023-04-18 13:13:18.8445,845,d7bb727b4f3dba64bb338227d87a66d3,anonymous,0.0000,0.0000,0.0000,-0.0230,-0.0737,0.0527,0.9956,0.1918,-0.9097,0.0719,-0.2499,-0.9889,-0.0929
0,2023-04-18 13:13:18.8589,846,d7bb727b4f3dba64bb338227d87a66d3,anonymous,0.0000,0.0000,0.0000,-0.0264,-0.0757,0.0505,0.9955,0.1898,-0.9106,0.0754,-0.2548,-0.9875,-0.0958
0,2023-04-18 13:13:18.8729,847,d7bb727b4f3dba64bb338227d87a66d3,anonymous,0.0000,0.0000,0.0000,-0.0307,-0.0778,0.0475,0.9954,0.1881,-0.9118,0.0808,-0.2578,-0.9855,-0.0943
0,2023-04-18 13:13:18.8967,848,d7bb727b4f3dba64bb338227d87a66d3,anonymous,0.0000,0.0000,0.0000,-0.0340,-0.0799,0.0450,0.9952,0.1865,-0.9131,0.0838,-0.2633,-0.9846,-0.0970
0,2023-04-18 13:13:18.9150,849,d7bb727b4f3dba64bb338227d87a66d3,anonymous,0.0000,0.0000,0.0000,-0.0386,-0.0819,0.0417,0.9950,0.1850,-0.9154,0.0879,-0.2682,-0.9840,-0.0970
0,2023-04-18 13:13:18.9280,850,d7bb727b4f3dba64bb338227d87a66d3,anonymous,0.0000,0.0000,0.0000,-0.0503,-0.0811,0.0346,0.9948,0.1838,-0.9205,0.0928,-0.2684,-0.9838,-0.0870
0,2023-04-18 13:13:18.9419,851,d7bb727b4f3dba64bb338227d87a66d3,anonymous,0.0000,0.0000,0.0000,-0.0654,-0.0830,0.0254,0.9941,0.1787,-0.9275,0.1000,-0.2808,-0.9837,-0.0889
0,2023-04-18 13:13:18.9585,852,d7bb727b4f3dba64bb338227d87a66d3,anonymous,0.0000,0.0000,0.0000,-0.0636,-0.0803,0.0266,0.9944,0.1798,-0.9267,0.0971,-0.2741,-0.9846,-0.0844
0,2023-04-18 13:13:18.9695,853,d7bb727b4f3dba64bb338227d87a66d3,anonymous,0.0000,0.0000,0.0000,-0.0738,-0.0815,0.0200,0.9937,0.1762,-0.9313,0.1020,-0.2827,-0.9843,-0.0864
0,2023-04-18 13:13:18.9835,854,d7bb727b4f3dba64bb338227d87a66d3,anonymous,0.0000,0.0000,0.0000,-0.0833,-0.0776,0.0141,0.9934,0.1731,-0.9343,0.1041,-0.2804,-0.9853,-0.0824
0,2023-04-18 13:13:18.9959,855,d7bb727b4f3dba64bb338227d87a66d3,anonymous,0.0000,0.0000,0.0000,-0.0924,-0.0749,0.0107,0.9928,0.1709,-0.9375,0.1069,-0.2800,-0.9869,-0.0803
0,2023-04-18 13:13:19.0118,856,d7bb727b4f3dba64bb338227d87a66d3,anonymous,0.0000,0.0000,0.0000,-0.1018,-0.0730,0.0078,0.9921,0.1687,-0.9406,0.1097,-0.2783,-0.9889,-0.0771
0,2023-04-18 13:13:19.0234,857,d7bb727b4f3dba64bb338227d87a66d3,anonymous,0.0000,0.0000,0.0000,-0.1108,-0.0716,0.0051,0.9913,0.1667,-0.9436,0.1122,-0.2763,-0.9908,-0.0737
0,2023-04-18 13:13:19.0500,858,d7bb727b4f3dba64bb338227d87a66d3,anonymous,0.0000,0.0000,0.0000,-0.1189,-0.0707,0.0021,0.9904,0.1648,-0.9464,0.1148,-0.2756,-0.9922,-0.0710
0,2023-04-18 13:13:19.0652,859,d7bb727b4f3dba64bb338227d87a66d3,anonymous,0.0000,0.0000,0.0000,-0.1267,-0.0710,0.0016,0.9894,0.1617,-0.9474,0.1174,-0.2665,-0.9949,-0.0618
0,2023-04-18 13:13:19.0767,860,d7bb727b4f3dba64bb338227d87a66d3,anonymous,0.0000,0.0000,0.0000,-0.1327,-0.0723,-0.0006,0.9885,0.1594,-0.9491,0.1197,-0.2628,-0.9960,-0.0562
0,2023-04-18 13:13:19.0918,861,d7bb727b4f3dba64bb338227d87a66d3,anonymous,0.0000,0.0000,0.0000,-0.1480,-0.0758,-0.0075,0.9861,0.1543,-0.9543,0.1263,-0.2572,-0.9982,-0.0455
0,2023-04-18 13:13:19.1037,862,d7bb727b4f3dba64bb338227d87a66d3,anonymous,0.0000,0.0000,0.0000,-0.1406,-0.0792,-0.0056,0.9869,0.1559,-0.9515,0.1246,-0.2536,-0.9974,-0.0438
0,2023-04-18 13:13:19.1222,863,d7bb727b4f3dba64bb338227d87a66d3,anonymous,0.0000,0.0000,0.0000,-0.1467,-0.0878,-0.0104,0.9852,0.1525,-0.9533,0.1295,-0.2438,-0.9978,-0.0298
0,2023-04-18 13:13:19.1318,864,d7bb727b4f3dba64bb338227d87a66d3,anonymous,0.0000,0.0000,0.0000,-0.1483,-0.0939,-0.0130,0.9844,0.1511,-0.9536,0.1318,-0.2375,-0.9975,-0.0215
0,2023-04-18 13:13:19.1466,865,d7bb727b4f3dba64bb338227d87a66d3,anonymous,0.0000,0.0000,0.0000,-0.1456,-0.1052,-0.0169,0.9836,0.1491,-0.9513,0.1332,-0.2259,-0.9955,-0.0080
0,2023-04-18 13:13:19.1589,866,d7bb727b4f3dba64bb338227d87a66d3,anonymous,0.0000,0.0000,0.0000,-0.1474,-0.1118,-0.0202,0.9825,0.1469,-0.9511,0.1350,-0.2190,-0.9942,0.0017
0,2023-04-18 13:13:19.1722,867,d7bb727b4f3dba64bb338227d87a66d3,anonymous,0.0000,0.0000,0.0000,-0.1484,-0.1197,-0.0236,0.9814,0.1447,-0.9506,0.1363,-0.2111,-0.9921,0.0128
0,2023-04-18 13:13:19.1846,868,d7bb727b4f3dba64bb338227d87a66d3,anonymous,0.0000,0.0000,0.0000,-0.1466,-0.1332,-0.0261,0.9798,0.1428,-0.9493,0.1362,-0.2010,-0.9889,0.0265
0,2023-04-18 13:13:19.2112,869,d7bb727b4f3dba64bb338227d87a66d3,anonymous,0.0000,0.0000,0.0000,-0.1421,-0.1307,-0.0231,0.9809,0.1452,-0.9483,0.1333,-0.2049,-0.9890,0.0203
0,2023-04-18 13:13:19.2262,870,d7bb727b4f3dba64bb338227d87a66d3,anonymous,0.0000,0.0000,0.0000,-0.1431,-0.1446,-0.0292,0.9787,0.1435,-0.9495,0.1342,-0.1895,-0.9844,0.0402
0,2023-04-18 13:13:19.2353,871,d7bb727b4f3dba64bb338227d87a66d3,anonymous,0.0000,0.0000,0.0000,-0.1445,-0.1505,-0.0321,0.9775,0.1422,-0.9502,0.1354,-0.1827,-0.9824,0.0493
0,2023-04-18 13:13:19.2501,872,d7bb727b4f3dba64bb338227d87a66d3,anonymous,0.0000,0.0000,0.0000,-0.1473,-0.1663,-0.0403,0.9742,0.1380,-0.9518,0.1379,-0.1598,-0.9736,0.0788
0,2023-04-18 13:13:19.2638,873,d7bb727b4f3dba64bb338227d87a66d3,anonymous,0.0000,0.0000,0.0000,-0.1440,-0.1574,-0.0367,0.9763,0.1393,-0.9507,0.1353,-0.1649,-0.9738,0.0688
0,2023-04-18 13:13:19.2774,874,d7bb727b4f3dba64bb338227d87a66d3,anonymous,0.0000,0.0000,0.0000,-0.1458,-0.1667,-0.0418,0.9743,0.1363,-0.9516,0.1367,-0.1503,-0.9684,0.0864
0,2023-04-18 13:13:19.2920,875,d7bb727b4f3dba64bb338227d87a66d3,anonymous,0.0000,0.0000,0.0000,-0.1426,-0.1647,-0.0403,0.9751,0.1342,-0.9510,0.1343,-0.1402,-0.9615,0.0935
0,2023-04-18 13:13:19.3058,876,d7bb727b4f3dba64bb338227d87a66d3,anonymous,0.0000,0.0000,0.0000,-0.1403,-0.1654,-0.0392,0.9754,0.1322,-0.9506,0.1329,-0.1317,-0.9560,0.1006
0,2023-04-18 13:13:19.3215,877,d7bb727b4f3dba64bb338227d87a66d3,anonymous,0.0000,0.0000,0.0000,-0.1363,-0.1651,-0.0374,0.9761,0.1308,-0.9504,0.1305,-0.1232,-0.9488,0.1068
0,2023-04-18 13:13:19.3324,878,d7bb727b4f3dba64bb338227d87a66d3,anonymous,0.0000,0.0000,0.0000,-0.1340,-0.1664,-0.0372,0.9762,0.1297,-0.9506,0.1292,-0.1152,-0.9428,0.1135
0,2023-04-18 13:13:19.3460,879,d7bb727b4f3dba64bb338227d87a66d3,anonymous,0.0000,0.0000,0.0000,-0.1310,-0.1667,-0.0365,0.9766,0.1287,-0.9508,0.1278,-0.1076,-0.9364,0.1186
0,2023-04-18 13:13:19.3714,880,d7bb727b4f3dba64bb338227d87a66d3,anonymous,0.0000,0.0000,0.0000,-0.1284,-0.1671,-0.0363,0.9769,0.1277,-0.9510,0.1270,-0.1006,-0.9304,0.1232
0,2023-04-18 13:13:19.3870,881,d7bb727b4f3dba64bb338227d87a66d3,anonymous,0.0000,0.0000,0.0000,-0.1234,-0.1646,-0.0346,0.9780,0.1266,-0.9507,0.1251,-0.0960,-0.9238,0.1230
0,2023-04-18 13:13:19.4022,882,d7bb727b4f3dba64bb338227d87a66d3,anonymous,0.0000,0.0000,0.0000,-0.1194,-0.1644,-0.0334,0.9786,0.1253,-0.9505,0.1248,-0.0922,-0.9183,0.1231
0,2023-04-18 13:13:19.4151,883,d7bb727b4f3dba64bb338227d87a66d3,anonymous,0.0000,0.0000,0.0000,-0.1117,-0.1670,-0.0327,0.9791,0.1223,-0.9508,0.1231,-0.0763,-0.9038,0.1317
0,2023-04-18 13:13:19.4299,884,d7bb727b4f3dba64bb338227d87a66d3,anonymous,0.0000,0.0000,0.0000,-0.1132,-0.1653,-0.0323,0.9792,0.1235,-0.9505,0.1235,-0.0846,-0.9094,0.1244
0,2023-04-18 13:13:19.4430,885,d7bb727b4f3dba64bb338227d87a66d3,anonymous,0.0000,0.0000,0.0000,-0.1078,-0.1665,-0.0318,0.9796,0.1210,-0.9503,0.1221,-0.0758,-0.9006,0.1279
0,2023-04-18 13:13:19.4581,886,d7bb727b4f3dba64bb338227d87a66d3,anonymous,0.0000,0.0000,0.0000,-0.1049,-0.1661,-0.0316,0.9800,0.1193,-0.9496,0.1216,-0.0761,-0.8980,0.1245
0,2023-04-18 13:13:19.4771,887,d7bb727b4f3dba64bb338227d87a66d3,anonymous,0.0000,0.0000,0.0000,-0.1026,-0.1657,-0.0320,0.9803,0.1180,-0.9488,0.1208,-0.0792,-0.8974,0.1201
0,2023-04-18 13:13:19.4907,888,d7bb727b4f3dba64bb338227d87a66d3,anonymous,0.0000,0.0000,0.0000,-0.1004,-0.1660,-0.0324,0.9805,0.1166,-0.9485,0.1198,-0.0877,-0.9010,0.1144
0,2023-04-18 13:13:19.4987,889,d7bb727b4f3dba64bb338227d87a66d3,anonymous,0.0000,0.0000,0.0000,-0.0993,-0.1660,-0.0337,0.9805,0.1156,-0.9487,0.1190,-0.0854,-0.8982,0.1149
0,2023-04-18 13:13:19.5307,890,d7bb727b4f3dba64bb338227d87a66d3,anonymous,0.0000,0.0000,0.0000,-0.0973,-0.1665,-0.0341,0.9806,0.1143,-0.9485,0.1183,-0.0868,-0.8977,0.1135
0,2023-04-18 13:13:19.5422,891,d7bb727b4f3dba64bb338227d87a66d3,anonymous,0.0000,0.0000,0.0000,-0.0962,-0.1664,-0.0360,0.9807,0.1125,-0.9472,0.1168,-0.1010,-0.9062,0.1071
0,2023-04-18 13:13:19.5547,892,d7bb727b4f3dba64bb338227d87a66d3,anonymous,0.0000,0.0000,0.0000,-0.0937,-0.1662,-0.0369,0.9809,0.1115,-0.9470,0.1157,-0.1099,-0.9109,0.1035
0,2023-04-18 13:13:19.5797,893,d7bb727b4f3dba64bb338227d87a66d3,anonymous,0.0000,0.0000,0.0000,-0.0844,-0.1654,-0.0396,0.9818,0.1076,-0.9458,0.1113,-0.1321,-0.9215,0.0935
0,2023-04-18 13:13:19.5942,894,d7bb727b4f3dba64bb338227d87a66d3,anonymous,0.0000,0.0000,0.0000,-0.0881,-0.1641,-0.0387,0.9817,0.1098,-0.9462,0.1127,-0.1301,-0.9228,0.0948
0,2023-04-18 13:13:19.6100,895,d7bb727b4f3dba64bb338227d87a66d3,anonymous,0.0000,0.0000,0.0000,-0.0795,-0.1608,-0.0406,0.9829,0.1073,-0.9467,0.1084,-0.1515,-0.9335,0.0825
0,2023-04-18 13:13:19.6225,896,d7bb727b4f3dba64bb338227d87a66d3,anonymous,0.0000,0.0000,0.0000,-0.0815,-0.1594,-0.0399,0.9830,0.1084,-0.9471,0.1091,-0.1511,-0.9350,0.0814
0,2023-04-18 13:13:19.6360,897,d7bb727b4f3dba64bb338227d87a66d3,anonymous,0.0000,0.0000,0.0000,-0.0778,-0.1558,-0.0405,0.9839,0.1065,-0.9463,0.1063,-0.1653,-0.9438,0.0704
0,2023-04-18 13:13:19.6515,898,d7bb727b4f3dba64bb338227d87a66d3,anonymous,0.0000,0.0000,0.0000,-0.0763,-0.1537,-0.0406,0.9843,0.1057,-0.9458,0.1046,-0.1733,-0.9494,0.0627
0,2023-04-18 13:13:19.6789,899,d7bb727b4f3dba64bb338227d87a66d3,anonymous,0.0000,0.0000,0.0000,-0.0747,-0.1519,-0.0407,0.9847,0.1052,-0.9458,0.1033,-0.1802,-0.9539,0.0564
0,2023-04-18 13:13:19.6944,900,d7bb727b4f3dba64bb338227d87a66d3,anonymous,0.0000,0.0000,0.0000,-0.0769,-0.1507,-0.0407,0.9847,0.1063,-0.9463,0.1022,-0.1904,-0.9626,0.0414
0,2023-04-18 13:13:19.7063,901,d7bb727b4f3dba64bb338227d87a66d3,anonymous,0.0000,0.0000,0.0000,-0.0774,-0.1508,-0.0412,0.9847,0.1066,-0.9464,0.1017,-0.1980,-0.9673,0.0319
0,2023-04-18 13:13:19.7203,902,d7bb727b4f3dba64bb338227d87a66d3,anonymous,0.0000,0.0000,0.0000,-0.0747,-0.1486,-0.0422,0.9852,0.1058,-0.9464,0.0987,-0.2168,-0.9783,0.0131
0,2023-04-18 13:13:19.7338,903,d7bb727b4f3dba64bb338227d87a66d3,anonymous,0.0000,0.0000,0.0000,-0.0763,-0.1516,-0.0418,0.9846,0.1078,-0.9465,0.1012,-0.2117,-0.9747,0.0159
0,2023-04-18 13:13:19.7490,904,d7bb727b4f3dba64bb338227d87a66d3,anonymous,0.0000,0.0000,0.0000,-0.0741,-0.1528,-0.0419,0.9846,0.1090,-0.9461,0.1018,-0.2245,-0.9807,-0.0002
0,2023-04-18 13:13:19.7620,905,d7bb727b4f3dba64bb338227d87a66d3,anonymous,0.0000,0.0000,0.0000,-0.0728,-0.1536,-0.0417,0.9846,0.1096,-0.9459,0.1027,-0.2303,-0.9832,-0.0084
0,2023-04-18 13:13:19.7745,906,d7bb727b4f3dba64bb338227d87a66d3,anonymous,0.0000,0.0000,0.0000,-0.0719,-0.1545,-0.0413,0.9845,0.1102,-0.9458,0.1033,-0.2359,-0.9855,-0.0165
0,2023-04-18 13:13:19.7903,907,d7bb727b4f3dba64bb338227d87a66d3,anonymous,0.0000,0.0000,0.0000,-0.0713,-0.1554,-0.0406,0.9844,0.1109,-0.9459,0.1037,-0.2413,-0.9877,-0.0247
0,2023-04-18 13:13:19.8121,908,d7bb727b4f3dba64bb338227d87a66d3,anonymous,0.0000,0.0000,0.0000,-0.0731,-0.1573,-0.0400,0.9840,0.1137,-0.9474,0.1035,-0.2405,-0.9864,-0.0341
0,2023-04-18 13:13:19.8290,909,d7bb727b4f3dba64bb338227d87a66d3,anonymous,0.0000,0.0000,0.0000,-0.0725,-0.1576,-0.0400,0.9840,0.1143,-0.9476,0.1032,-0.2458,-0.9889,-0.0419
0,2023-04-18 13:13:19.8445,910,d7bb727b4f3dba64bb338227d87a66d3,anonymous,0.0000,0.0000,0.0000,-0.0732,-0.1573,-0.0397,0.9840,0.1163,-0.9489,0.1024,-0.2438,-0.9875,-0.0479
0,2023-04-18 13:13:19.8573,911,d7bb727b4f3dba64bb338227d87a66d3,anonymous,0.0000,0.0000,0.0000,-0.0729,-0.1574,-0.0395,0.9841,0.1175,-0.9492,0.1026,-0.2451,-0.9878,-0.0537
0,2023-04-18 13:13:19.8725,912,d7bb727b4f3dba64bb338227d87a66d3,anonymous,0.0000,0.0000,0.0000,-0.0717,-0.1577,-0.0390,0.9841,0.1197,-0.9491,0.1021,-0.2533,-0.9908,-0.0714
0,2023-04-18 13:13:19.8834,913,d7bb727b4f3dba64bb338227d87a66d3,anonymous,0.0000,0.0000,0.0000,-0.0719,-0.1574,-0.0390,0.9841,0.1187,-0.9483,0.1023,-0.2483,-0.9884,-0.0644
0,2023-04-18 13:13:19.8958,914,d7bb727b4f3dba64bb338227d87a66d3,anonymous,0.0000,0.0000,0.0000,-0.0709,-0.1573,-0.0391,0.9842,0.1202,-0.9488,0.1019,-0.2521,-0.9894,-0.0744
0,2023-04-18 13:13:19.9091,915,d7bb727b4f3dba64bb338227d87a66d3,anonymous,0.0000,0.0000,0.0000,-0.0706,-0.1567,-0.0395,0.9843,0.1211,-0.9497,0.1014,-0.2543,-0.9892,-0.0756
0,2023-04-18 13:13:19.9225,916,d7bb727b4f3dba64bb338227d87a66d3,anonymous,0.0000,0.0000,0.0000,-0.0704,-0.1558,-0.0399,0.9845,0.1223,-0.9506,0.1013,-0.2574,-0.9886,-0.0756
0,2023-04-18 13:13:19.9361,917,d7bb727b4f3dba64bb338227d87a66d3,anonymous,0.0000,0.0000,0.0000,-0.0714,-0.1551,-0.0399,0.9845,0.1217,-0.9508,0.1015,-0.2537,-0.9867,-0.0654
0,2023-04-18 13:13:19.9471,918,d7bb727b4f3dba64bb338227d87a66d3,anonymous,0.0000,0.0000,0.0000,-0.0713,-0.1540,-0.0399,0.9847,0.1238,-0.9523,0.1009,-0.2571,-0.9866,-0.0681
0,2023-04-18 13:13:19.9604,919,d7bb727b4f3dba64bb338227d87a66d3,anonymous,0.0000,0.0000,0.0000,-0.0715,-0.1535,-0.0400,0.9847,0.1250,-0.9533,0.1004,-0.2570,-0.9858,-0.0672
0,2023-04-18 13:13:19.9849,920,d7bb727b4f3dba64bb338227d87a66d3,anonymous,0.0000,0.0000,0.0000,-0.0718,-0.1532,-0.0404,0.9848,0.1260,-0.9541,0.1001,-0.2567,-0.9853,-0.0670
0,2023-04-18 13:13:20.0018,921,d7bb727b4f3dba64bb338227d87a66d3,anonymous,0.0000,0.0000,0.0000,-0.0729,-0.1529,-0.0414,0.9847,0.1267,-0.9551,0.1003,-0.2524,-0.9847,-0.0613
0,2023-04-18 13:13:20.0153,922,d7bb727b4f3dba64bb338227d87a66d3,anonymous,0.0000,0.0000,0.0000,-0.0732,-0.1532,-0.0415,0.9846,0.1263,-0.9548,0.1006,-0.2512,-0.9844,-0.0587
0,2023-04-18 13:13:20.0298,923,d7bb727b4f3dba64bb338227d87a66d3,anonymous,0.0000,0.0000,0.0000,-0.0736,-0.1534,-0.0417,0.9845,0.1273,-0.9549,0.1006,-0.2513,-0.9841,-0.0574
0,2023-04-18 13:13:20.0441,924,d7bb727b4f3dba64bb338227d87a66d3,anonymous,0.0000,0.0000,0.0000,-0.0734,-0.1542,-0.0414,0.9844,0.1260,-0.9541,0.1008,-0.2493,-0.9842,-0.0551
0,2023-04-18 13:13:20.0561,925,d7bb727b4f3dba64bb338227d87a66d3,anonymous,0.0000,0.0000,0.0000,-0.0740,-0.1546,-0.0415,0.9843,0.1261,-0.9544,0.1009,-0.2472,-0.9842,-0.0524
0,2023-04-18 13:13:20.0696,926,d7bb727b4f3dba64bb338227d87a66d3,anonymous,0.0000,0.0000,0.0000,-0.0748,-0.1549,-0.0418,0.9842,0.1259,-0.9546,0.1013,-0.2456,-0.9846,-0.0501
0,2023-04-18 13:13:20.0833,927,d7bb727b4f3dba64bb338227d87a66d3,anonymous,0.0000,0.0000,0.0000,-0.0751,-0.1549,-0.0422,0.9842,0.1258,-0.9548,0.1018,-0.2444,-0.9850,-0.0482
0,2023-04-18 13:13:20.0964,928,d7bb727b4f3dba64bb338227d87a66d3,anonymous,0.0000,0.0000,0.0000,-0.0754,-0.1553,-0.0426,0.9841,0.1254,-0.9549,0.1021,-0.2423,-0.9852,-0.0444
0,2023-04-18 13:13:20.1114,929,d7bb727b4f3dba64bb338227d87a66d3,anonymous,0.0000,0.0000,0.0000,-0.0752,-0.1558,-0.0428,0.9840,0.1253,-0.9551,0.1021,-0.2398,-0.9849,-0.0403
0,2023-04-18 13:13:20.1354,930,d7bb727b4f3dba64bb338227d87a66d3,anonymous,0.0000,0.0000,0.0000,-0.0750,-0.1561,-0.0429,0.9840,0.1253,-0.9553,0.1022,-0.2378,-0.9846,-0.0372
0,2023-04-18 13:13:20.1526,931,d7bb727b4f3dba64bb338227d87a66d3,anonymous,0.0000,0.0000,0.0000,-0.0738,-0.1573,-0.0426,0.9839,0.1243,-0.9549,0.1031,-0.2333,-0.9832,-0.0302
0,2023-04-18 13:13:20.1661,932,d7bb727b4f3dba64bb338227d87a66d3,anonymous,0.0000,0.0000,0.0000,-0.0734,-0.1578,-0.0425,0.9838,0.1235,-0.9546,0.1038,-0.2298,-0.9822,-0.0252
0,2023-04-18 13:13:20.1776,933,d7bb727b4f3dba64bb338227d87a66d3,anonymous,0.0000,0.0000,0.0000,-0.0728,-0.1587,-0.0428,0.9837,0.1219,-0.9542,0.1050,-0.2226,-0.9804,-0.0148
0,2023-04-18 13:13:20.1915,934,d7bb727b4f3dba64bb338227d87a66d3,anonymous,0.0000,0.0000,0.0000,-0.0729,-0.1583,-0.0429,0.9838,0.1212,-0.9538,0.1052,-0.2223,-0.9802,-0.0156
0,2023-04-18 13:13:20.2066,935,d7bb727b4f3dba64bb338227d87a66d3,anonymous,0.0000,0.0000,0.0000,-0.0728,-0.1588,-0.0432,0.9837,0.1198,-0.9533,0.1063,-0.2159,-0.9783,-0.0076
0,2023-04-18 13:13:20.2210,936,d7bb727b4f3dba64bb338227d87a66d3,anonymous,0.0000,0.0000,0.0000,-0.0729,-0.1591,-0.0433,0.9836,0.1188,-0.9530,0.1068,-0.2119,-0.9770,-0.0030
0,2023-04-18 13:13:20.2345,937,d7bb727b4f3dba64bb338227d87a66d3,anonymous,0.0000,0.0000,0.0000,-0.0729,-0.1592,-0.0433,0.9836,0.1178,-0.9527,0.1070,-0.2072,-0.9752,0.0020
0,2023-04-18 13:13:20.2497,938,d7bb727b4f3dba64bb338227d87a66d3,anonymous,0.0000,0.0000,0.0000,-0.0731,-0.1591,-0.0436,0.9836,0.1168,-0.9524,0.1072,-0.2031,-0.9736,0.0066
0,2023-04-18 13:13:20.2637,939,d7bb727b4f3dba64bb338227d87a66d3,anonymous,0.0000,0.0000,0.0000,-0.0737,-0.1583,-0.0438,0.9837,0.1156,-0.9520,0.1073,-0.1990,-0.9718,0.0113
0,2023-04-18 13:13:20.3070,940,d7bb727b4f3dba64bb338227d87a66d3,anonymous,0.0000,0.0000,0.0000,-0.0756,-0.1564,-0.0450,0.9838,0.1139,-0.9519,0.1074,-0.1949,-0.9700,0.0153
0,2023-04-18 13:13:20.3180,941,d7bb727b4f3dba64bb338227d87a66d3,anonymous,0.0000,0.0000,0.0000,-0.0778,-0.1541,-0.0466,0.9839,0.1122,-0.9517,0.1077,-0.1916,-0.9685,0.0193
0,2023-04-18 13:13:20.3326,942,d7bb727b4f3dba64bb338227d87a66d3,anonymous,0.0000,0.0000,0.0000,-0.0812,-0.1502,-0.0477,0.9842,0.1078,-0.9507,0.1081,-0.1795,-0.9632,0.0341
0,2023-04-18 13:13:20.3465,943,d7bb727b4f3dba64bb338227d87a66d3,anonymous,0.0000,0.0000,0.0000,-0.0821,-0.1488,-0.0471,0.9843,0.1065,-0.9506,0.1080,-0.1770,-0.9617,0.0374
0,2023-04-18 13:13:20.3605,944,d7bb727b4f3dba64bb338227d87a66d3,anonymous,0.0000,0.0000,0.0000,-0.0814,-0.1494,-0.0465,0.9843,0.1074,-0.9508,0.1075,-0.1802,-0.9627,0.0337
0,2023-04-18 13:13:20.3750,945,d7bb727b4f3dba64bb338227d87a66d3,anonymous,0.0000,0.0000,0.0000,-0.0826,-0.1478,-0.0467,0.9845,0.1052,-0.9503,0.1072,-0.1747,-0.9601,0.0405
0,2023-04-18 13:13:20.3889,946,d7bb727b4f3dba64bb338227d87a66d3,anonymous,0.0000,0.0000,0.0000,-0.0825,-0.1473,-0.0468,0.9845,0.1043,-0.9502,0.1066,-0.1728,-0.9589,0.0426
0,2023-04-18 13:13:20.4015,947,d7bb727b4f3dba64bb338227d87a66d3,anonymous,0.0000,0.0000,0.0000,-0.0815,-0.1465,-0.0467,0.9847,0.1036,-0.9505,0.1057,-0.1712,-0.9582,0.0429
0,2023-04-18 13:13:20.4146,948,d7bb727b4f3dba64bb338227d87a66d3,anonymous,0.0000,0.0000,0.0000,-0.0810,-0.1458,-0.0460,0.9849,0.1028,-0.9503,0.1052,-0.1692,-0.9573,0.0444
0,2023-04-18 13:13:20.4418,949,d7bb727b4f3dba64bb338227d87a66d3,anonymous,0.0000,0.0000,0.0000,-0.0808,-0.1457,-0.0446,0.9850,0.1025,-0.9506,0.1040,-0.1681,-0.9573,0.0440
0,2023-04-18 13:13:20.4586,950,d7bb727b4f3dba64bb338227d87a66d3,anonymous,0.0000,0.0000,0.0000,-0.0813,-0.1468,-0.0429,0.9849,0.1029,-0.9512,0.1030,-0.1677,-0.9579,0.0428
0,2023-04-18 13:13:20.4701,951,d7bb727b4f3dba64bb338227d87a66d3,anonymous,0.0000,0.0000,0.0000,-0.0818,-0.1478,-0.0425,0.9847,0.1030,-0.9512,0.1021,-0.1674,-0.9585,0.0420
0,2023-04-18 13:13:20.4829,952,d7bb727b4f3dba64bb338227d87a66d3,anonymous,0.0000,0.0000,0.0000,-0.0828,-0.1482,-0.0421,0.9846,0.1023,-0.9515,0.1008,-0.1640,-0.9582,0.0438
0,2023-04-18 13:13:20.4963,953,d7bb727b4f3dba64bb338227d87a66d3,anonymous,0.0000,0.0000,0.0000,-0.0827,-0.1489,-0.0426,0.9845,0.1034,-0.9516,0.1013,-0.1665,-0.9595,0.0408
0,2023-04-18 13:13:20.5099,954,d7bb727b4f3dba64bb338227d87a66d3,anonymous,0.0000,0.0000,0.0000,-0.0835,-0.1492,-0.0422,0.9844,0.1032,-0.9518,0.1009,-0.1651,-0.9601,0.0405
0,2023-04-18 13:13:20.5227,955,d7bb727b4f3dba64bb338227d87a66d3,anonymous,0.0000,0.0000,0.0000,-0.0841,-0.1493,-0.0419,0.9843,0.1033,-0.9516,0.1011,-0.1654,-0.9611,0.0387
0,2023-04-18 13:13:20.5350,956,d7bb727b4f3dba64bb338227d87a66d3,anonymous,0.0000,0.0000,0.0000,-0.0846,-0.1493,-0.0418,0.9843,0.1039,-0.9518,0.1014,-0.1663,-0.9625,0.0365
0,2023-04-18 13:13:20.5505,957,d7bb727b4f3dba64bb338227d87a66d3,anonymous,0.0000,0.0000,0.0000,-0.0850,-0.1493,-0.0415,0.9843,0.1039,-0.9518,0.1016,-0.1655,-0.9628,0.0365
0,2023-04-18 13:13:20.5626,958,d7bb727b4f3dba64bb338227d87a66d3,anonymous,0.0000,0.0000,0.0000,-0.0846,-0.1485,-0.0425,0.9844,0.1053,-0.9521,0.1023,-0.1693,-0.9644,0.0328
0,2023-04-18 13:13:20.5745,959,d7bb727b4f3dba64bb338227d87a66d3,anonymous,0.0000,0.0000,0.0000,-0.0853,-0.1475,-0.0430,0.9844,0.1060,-0.9522,0.1022,-0.1705,-0.9664,0.0297
0,2023-04-18 13:13:20.5990,960,d7bb727b4f3dba64bb338227d87a66d3,anonymous,0.0000,0.0000,0.0000,-0.0859,-0.1464,-0.0434,0.9845,0.1065,-0.9522,0.1021,-0.1720,-0.9679,0.0270
0,2023-04-18 13:13:20.6145,961,d7bb727b4f3dba64bb338227d87a66d3,anonymous,0.0000,0.0000,0.0000,-0.0878,-0.1419,-0.0430,0.9850,0.1070,-0.9526,0.1023,-0.1760,-0.9706,0.0221
0,2023-04-18 13:13:20.6295,962,d7bb727b4f3dba64bb338227d87a66d3,anonymous,0.0000,0.0000,0.0000,-0.0892,-0.1374,-0.0419,0.9856,0.1073,-0.9531,0.1027,-0.1789,-0.9726,0.0187
0,2023-04-18 13:13:20.6422,963,d7bb727b4f3dba64bb338227d87a66d3,anonymous,0.0000,0.0000,0.0000,-0.0917,-0.1303,-0.0403,0.9864,0.1081,-0.9537,0.1030,-0.1838,-0.9770,0.0117
0,2023-04-18 13:13:20.6547,964,d7bb727b4f3dba64bb338227d87a66d3,anonymous,0.0000,0.0000,0.0000,-0.0905,-0.1293,-0.0402,0.9867,0.1079,-0.9528,0.1030,-0.1843,-0.9760,0.0118
0,2023-04-18 13:13:20.6689,965,d7bb727b4f3dba64bb338227d87a66d3,anonymous,0.0000,0.0000,0.0000,-0.0910,-0.1231,-0.0397,0.9874,0.1084,-0.9528,0.1030,-0.1887,-0.9790,0.0059
0,2023-04-18 13:13:20.6815,966,d7bb727b4f3dba64bb338227d87a66d3,anonymous,0.0000,0.0000,0.0000,-0.0904,-0.1198,-0.0397,0.9879,0.1090,-0.9528,0.1030,-0.1919,-0.9807,0.0019
0,2023-04-18 13:13:20.6953,967,d7bb727b4f3dba64bb338227d87a66d3,anonymous,0.0000,0.0000,0.0000,-0.0901,-0.1169,-0.0395,0.9883,0.1096,-0.9529,0.1030,-0.1945,-0.9821,-0.0012
0,2023-04-18 13:13:20.7100,968,d7bb727b4f3dba64bb338227d87a66d3,anonymous,0.0000,0.0000,0.0000,-0.0879,-0.1139,-0.0393,0.9888,0.1105,-0.9529,0.1033,-0.1982,-0.9832,-0.0043
0,2023-04-18 13:13:20.7227,969,d7bb727b4f3dba64bb338227d87a66d3,anonymous,0.0000,0.0000,0.0000,-0.0871,-0.1112,-0.0390,0.9892,0.1110,-0.9529,0.1034,-0.2010,-0.9845,-0.0071
0,2023-04-18 13:13:20.7366,970,d7bb727b4f3dba64bb338227d87a66d3,anonymous,0.0000,0.0000,0.0000,-0.0845,-0.1092,-0.0387,0.9897,0.1119,-0.9527,0.1033,-0.2058,-0.9854,-0.0091
0,2023-04-18 13:13:20.7637,971,d7bb727b4f3dba64bb338227d87a66d3,anonymous,0.0000,0.0000,0.0000,-0.0827,-0.1076,-0.0393,0.9900,0.1126,-0.9525,0.1035,-0.2104,-0.9860,-0.0100
0,2023-04-18 13:13:20.7799,972,d7bb727b4f3dba64bb338227d87a66d3,anonymous,0.0000,0.0000,0.0000,-0.0812,-0.1067,-0.0411,0.9901,0.1137,-0.9524,0.1037,-0.2145,-0.9862,-0.0099
0,2023-04-18 13:13:20.7928,973,d7bb727b4f3dba64bb338227d87a66d3,anonymous,0.0000,0.0000,0.0000,-0.0804,-0.1056,-0.0422,0.9903,0.1145,-0.9526,0.1039,-0.2173,-0.9866,-0.0111
0,2023-04-18 13:13:20.8064,974,d7bb727b4f3dba64bb338227d87a66d3,anonymous,0.0000,0.0000,0.0000,-0.0781,-0.1006,-0.0433,0.9909,0.1165,-0.9526,0.1043,-0.2251,-0.9889,-0.0161
0,2023-04-18 13:13:20.8201,975,d7bb727b4f3dba64bb338227d87a66d3,anonymous,0.0000,0.0000,0.0000,-0.0789,-0.1040,-0.0430,0.9905,0.1157,-0.9521,0.1040,-0.2216,-0.9873,-0.0140
0,2023-04-18 13:13:20.8333,976,d7bb727b4f3dba64bb338227d87a66d3,anonymous,0.0000,0.0000,0.0000,-0.0773,-0.1018,-0.0432,0.9909,0.1164,-0.9514,0.1038,-0.2262,-0.9884,-0.0169
0,2023-04-18 13:13:20.8478,977,d7bb727b4f3dba64bb338227d87a66d3,anonymous,0.0000,0.0000,0.0000,-0.0764,-0.1018,-0.0428,0.9909,0.1163,-0.9507,0.1037,-0.2278,-0.9884,-0.0173
0,2023-04-18 13:13:20.8612,978,d7bb727b4f3dba64bb338227d87a66d3,anonymous,0.0000,0.0000,0.0000,-0.0753,-0.1014,-0.0424,0.9911,0.1165,-0.9504,0.1039,-0.2294,-0.9884,-0.0176
0,2023-04-18 13:13:20.8759,979,d7bb727b4f3dba64bb338227d87a66d3,anonymous,0.0000,0.0000,0.0000,-0.0742,-0.1007,-0.0420,0.9913,0.1165,-0.9499,0.1043,-0.2306,-0.9882,-0.0173
0,2023-04-18 13:13:20.8893,980,d7bb727b4f3dba64bb338227d87a66d3,anonymous,0.0000,0.0000,0.0000,-0.0728,-0.0999,-0.0417,0.9915,0.1164,-0.9495,0.1045,-0.2314,-0.9876,-0.0165
0,2023-04-18 13:13:20.9143,981,d7bb727b4f3dba64bb338227d87a66d3,anonymous,0.0000,0.0000,0.0000,-0.0718,-0.0990,-0.0417,0.9916,0.1167,-0.9492,0.1046,-0.2330,-0.9877,-0.0169
0,2023-04-18 13:13:20.9308,982,d7bb727b4f3dba64bb338227d87a66d3,anonymous,0.0000,0.0000,0.0000,-0.0717,-0.0986,-0.0416,0.9917,0.1158,-0.9488,0.1050,-0.2309,-0.9863,-0.0145
0,2023-04-18 13:13:20.9426,983,d7bb727b4f3dba64bb338227d87a66d3,anonymous,0.0000,0.0000,0.0000,-0.0715,-0.0977,-0.0411,0.9918,0.1159,-0.9489,0.1052,-0.2311,-0.9861,-0.0139
0,2023-04-18 13:13:20.9570,984,d7bb727b4f3dba64bb338227d87a66d3,anonymous,0.0000,0.0000,0.0000,-0.0705,-0.0952,-0.0405,0.9921,0.1160,-0.9487,0.1057,-0.2322,-0.9858,-0.0129
0,2023-04-18 13:13:20.9695,985,d7bb727b4f3dba64bb338227d87a66d3,anonymous,0.0000,0.0000,0.0000,-0.0714,-0.0959,-0.0405,0.9920,0.1154,-0.9490,0.1059,-0.2302,-0.9854,-0.0117
0,2023-04-18 13:13:20.9849,986,d7bb727b4f3dba64bb338227d87a66d3,anonymous,0.0000,0.0000,0.0000,-0.0707,-0.0940,-0.0400,0.9923,0.1151,-0.9487,0.1062,-0.2309,-0.9853,-0.0107
0,2023-04-18 13:13:20.9949,987,d7bb727b4f3dba64bb338227d87a66d3,anonymous,0.0000,0.0000,0.0000,-0.0709,-0.0935,-0.0400,0.9923,0.1144,-0.9485,0.1062,-0.2299,-0.9848,-0.0090
0,2023-04-18 13:13:21.0090,988,d7bb727b4f3dba64bb338227d87a66d3,anonymous,0.0000,0.0000,0.0000,-0.0709,-0.0928,-0.0398,0.9924,0.1139,-0.9483,0.1062,-0.2294,-0.9846,-0.0078
0,2023-04-18 13:13:21.0226,989,d7bb727b4f3dba64bb338227d87a66d3,anonymous,0.0000,0.0000,0.0000,-0.0716,-0.0941,-0.0400,0.9922,0.1138,-0.9485,0.1061,-0.2278,-0.9845,-0.0076
0,2023-04-18 13:13:21.0339,990,d7bb727b4f3dba64bb338227d87a66d3,anonymous,0.0000,0.0000,0.0000,-0.0715,-0.0931,-0.0397,0.9923,0.1132,-0.9482,0.1064,-0.2267,-0.9839,-0.0057
0,2023-04-18 13:13:21.0466,991,d7bb727b4f3dba64bb338227d87a66d3,anonymous,0.0000,0.0000,0.0000,-0.0717,-0.0931,-0.0397,0.9923,0.1128,-0.9481,0.1066,-0.2254,-0.9835,-0.0047
0,2023-04-18 13:13:21.0715,992,d7bb727b4f3dba64bb338227d87a66d3,anonymous,0.0000,0.0000,0.0000,-0.0719,-0.0930,-0.0397,0.9923,0.1125,-0.9479,0.1068,-0.2240,-0.9833,-0.0036
0,2023-04-18 13:13:21.0871,993,d7bb727b4f3dba64bb338227d87a66d3,anonymous,0.0000,0.0000,0.0000,-0.0724,-0.0939,-0.0399,0.9921,0.1113,-0.9471,0.1069,-0.2214,-0.9831,-0.0019
0,2023-04-18 13:13:21.1008,994,d7bb727b4f3dba64bb338227d87a66d3,anonymous,0.0000,0.0000,0.0000,-0.0725,-0.0939,-0.0400,0.9921,0.1110,-0.9470,0.1071,-0.2198,-0.9831,-0.0007
0,2023-04-18 13:13:21.1146,995,d7bb727b4f3dba64bb338227d87a66d3,anonymous,0.0000,0.0000,0.0000,-0.0723,-0.0938,-0.0399,0.9922,0.1101,-0.9465,0.1075,-0.2161,-0.9830,0.0026
0,2023-04-18 13:13:21.1284,996,d7bb727b4f3dba64bb338227d87a66d3,anonymous,0.0000,0.0000,0.0000,-0.0724,-0.0943,-0.0399,0.9921,0.1105,-0.9468,0.1074,-0.2165,-0.9830,0.0016
0,2023-04-18 13:13:21.1425,997,d7bb727b4f3dba64bb338227d87a66d3,anonymous,0.0000,0.0000,0.0000,-0.0724,-0.0945,-0.0395,0.9921,0.1096,-0.9462,0.1076,-0.2128,-0.9829,0.0038
0,2023-04-18 13:13:21.1560,998,d7bb727b4f3dba64bb338227d87a66d3,anonymous,0.0000,0.0000,0.0000,-0.0723,-0.0945,-0.0392,0.9921,0.1090,-0.9459,0.1077,-0.2108,-0.9828,0.0050
0,2023-04-18 13:13:21.1705,999,d7bb727b4f3dba64bb338227d87a66d3,anonymous,0.0000,0.0000,0.0000,-0.0722,-0.0947,-0.0387,0.9921,0.1086,-0.9457,0.1075,-0.2086,-0.9826,0.0063
0,2023-04-18 13:13:21.1838,1000,d7bb727b4f3dba64bb338227d87a66d3,anonymous,0.0000,0.0000,0.0000,-0.0721,-0.0949,-0.0383,0.9921,0.1086,-0.9459,0.1071,-0.2061,-0.9824,0.0076
0,2023-04-18 13:13:21.1985,1001,d7bb727b4f3dba64bb338227d87a66d3,anonymous,0.0000,0.0000,0.0000,-0.0721,-0.0953,-0.0381,0.9921,0.1085,-0.9460,0.1070,-0.2039,-0.9823,0.0087
0,2023-04-18 13:13:21.2226,1002,d7bb727b4f3dba64bb338227d87a66d3,anonymous,0.0000,0.0000,0.0000,-0.0721,-0.0956,-0.0380,0.9921,0.1085,-0.9461,0.1069,-0.2019,-0.9822,0.0099
0,2023-04-18 13:13:21.2371,1003,d7bb727b4f3dba64bb338227d87a66d3,anonymous,0.0000,0.0000,0.0000,-0.0728,-0.0962,-0.0377,0.9920,0.1088,-0.9464,0.1062,-0.1996,-0.9817,0.0107
0,2023-04-18 13:13:21.2529,1004,d7bb727b4f3dba64bb338227d87a66d3,anonymous,0.0000,0.0000,0.0000,-0.0733,-0.0967,-0.0376,0.9919,0.1087,-0.9463,0.1057,-0.1974,-0.9813,0.0114
0,2023-04-18 13:13:21.2669,1005,d7bb727b4f3dba64bb338227d87a66d3,anonymous,0.0000,0.0000,0.0000,-0.0737,-0.0974,-0.0369,0.9918,0.1087,-0.9465,0.1050,-0.1919,-0.9807,0.0139
0,2023-04-18 13:13:21.2811,1006,d7bb727b4f3dba64bb338227d87a66d3,anonymous,0.0000,0.0000,0.0000,-0.0734,-0.0974,-0.0371,0.9918,0.1093,-0.9468,0.1051,-0.1934,-0.9802,0.0126
0,2023-04-18 13:13:21.2948,1007,d7bb727b4f3dba64bb338227d87a66d3,anonymous,0.0000,0.0000,0.0000,-0.0733,-0.0979,-0.0366,0.9918,0.1096,-0.9470,0.1044,-0.1896,-0.9795,0.0141
0,2023-04-18 13:13:21.3077,1008,d7bb727b4f3dba64bb338227d87a66d3,anonymous,0.0000,0.0000,0.0000,-0.0730,-0.0981,-0.0365,0.9918,0.1099,-0.9471,0.1038,-0.1879,-0.9791,0.0147
0,2023-04-18 13:13:21.3209,1009,d7bb727b4f3dba64bb338227d87a66d3,anonymous,0.0000,0.0000,0.0000,-0.0726,-0.0984,-0.0368,0.9918,0.1106,-0.9475,0.1033,-0.1864,-0.9786,0.0151
0,2023-04-18 13:13:21.3344,1010,d7bb727b4f3dba64bb338227d87a66d3,anonymous,0.0000,0.0000,0.0000,-0.0721,-0.0985,-0.0371,0.9918,0.1115,-0.9482,0.1028,-0.1849,-0.9782,0.0151
0,2023-04-18 13:13:21.3489,1011,d7bb727b4f3dba64bb338227d87a66d3,anonymous,0.0000,0.0000,0.0000,-0.0714,-0.0983,-0.0374,0.9919,0.1118,-0.9482,0.1022,-0.1835,-0.9780,0.0147
0,2023-04-18 13:13:21.3744,1012,d7bb727b4f3dba64bb338227d87a66d3,anonymous,0.0000,0.0000,0.0000,-0.0709,-0.0982,-0.0374,0.9919,0.1121,-0.9481,0.1016,-0.1822,-0.9778,0.0143
0,2023-04-18 13:13:21.3926,1013,d7bb727b4f3dba64bb338227d87a66d3,anonymous,0.0000,0.0000,0.0000,-0.0692,-0.0980,-0.0370,0.9921,0.1136,-0.9486,0.1008,-0.1816,-0.9773,0.0123
0,2023-04-18 13:13:21.4052,1014,d7bb727b4f3dba64bb338227d87a66d3,anonymous,0.0000,0.0000,0.0000,-0.0683,-0.0982,-0.0367,0.9921,0.1141,-0.9487,0.1000,-0.1805,-0.9769,0.0119
0,2023-04-18 13:13:21.4160,1015,d7bb727b4f3dba64bb338227d87a66d3,anonymous,0.0000,0.0000,0.0000,-0.0663,-0.0986,-0.0362,0.9923,0.1154,-0.9486,0.0982,-0.1772,-0.9762,0.0111
0,2023-04-18 13:13:21.4310,1016,d7bb727b4f3dba64bb338227d87a66d3,anonymous,0.0000,0.0000,0.0000,-0.0657,-0.0985,-0.0354,0.9923,0.1153,-0.9483,0.0981,-0.1794,-0.9763,0.0094
0,2023-04-18 13:13:21.4439,1017,d7bb727b4f3dba64bb338227d87a66d3,anonymous,0.0000,0.0000,0.0000,-0.0640,-0.0988,-0.0345,0.9924,0.1165,-0.9484,0.0968,-0.1773,-0.9761,0.0083
0,2023-04-18 13:13:21.4583,1018,d7bb727b4f3dba64bb338227d87a66d3,anonymous,0.0000,0.0000,0.0000,-0.0638,-0.0993,-0.0334,0.9924,0.1166,-0.9482,0.0963,-0.1769,-0.9765,0.0060
0,2023-04-18 13:13:21.4720,1019,d7bb727b4f3dba64bb338227d87a66d3,anonymous,0.0000,0.0000,0.0000,-0.0637,-0.0997,-0.0329,0.9924,0.1169,-0.9481,0.0959,-0.1752,-0.9761,0.0052
0,2023-04-18 13:13:21.4838,1020,d7bb727b4f3dba64bb338227d87a66d3,anonymous,0.0000,0.0000,0.0000,-0.0637,-0.1001,-0.0325,0.9924,0.1172,-0.9478,0.0956,-0.1724,-0.9746,0.0057
0,2023-04-18 13:13:21.4962,1021,d7bb727b4f3dba64bb338227d87a66d3,anonymous,0.0000,0.0000,0.0000,-0.0637,-0.1008,-0.0321,0.9923,0.1168,-0.9473,0.0961,-0.1677,-0.9714,0.0090
0,2023-04-18 13:13:21.5100,1022,d7bb727b4f3dba64bb338227d87a66d3,anonymous,0.0000,0.0000,0.0000,-0.0644,-0.1008,-0.0322,0.9923,0.1155,-0.9469,0.0972,-0.1645,-0.9663,0.0152
0,2023-04-18 13:13:21.5358,1023,d7bb727b4f3dba64bb338227d87a66d3,anonymous,0.0000,0.0000,0.0000,-0.0633,-0.1020,-0.0308,0.9923,0.1143,-0.9457,0.0970,-0.1531,-0.9548,0.0262
0,2023-04-18 13:13:21.5523,1024,d7bb727b4f3dba64bb338227d87a66d3,anonymous,0.0000,0.0000,0.0000,-0.0622,-0.1035,-0.0297,0.9922,0.1078,-0.9410,0.0977,-0.1371,-0.9275,0.0541
0,2023-04-18 13:13:21.5622,1025,d7bb727b4f3dba64bb338227d87a66d3,anonymous,0.0000,0.0000,0.0000,-0.0614,-0.1048,-0.0287,0.9922,0.1027,-0.9373,0.0981,-0.1298,-0.9105,0.0704
0,2023-04-18 13:13:21.5743,1026,d7bb727b4f3dba64bb338227d87a66d3,anonymous,0.0000,0.0000,0.0000,-0.0591,-0.1083,-0.0262,0.9920,0.0899,-0.9278,0.0982,-0.1138,-0.8724,0.1059
0,2023-04-18 13:13:21.5877,1027,d7bb727b4f3dba64bb338227d87a66d3,anonymous,0.0000,0.0000,0.0000,-0.0591,-0.1084,-0.0269,0.9920,0.0870,-0.9262,0.0993,-0.1176,-0.8733,0.1025
0,2023-04-18 13:13:21.6024,1028,d7bb727b4f3dba64bb338227d87a66d3,anonymous,0.0000,0.0000,0.0000,-0.0562,-0.1113,-0.0253,0.9919,0.0757,-0.9176,0.0989,-0.1060,-0.8397,0.1275
0,2023-04-18 13:13:21.6189,1029,d7bb727b4f3dba64bb338227d87a66d3,anonymous,0.0000,0.0000,0.0000,-0.0527,-0.1135,-0.0245,0.9918,0.0651,-0.9088,0.0982,-0.0998,-0.8157,0.1408
0,2023-04-18 13:13:21.6301,1030,d7bb727b4f3dba64bb338227d87a66d3,anonymous,0.0000,0.0000,0.0000,-0.0466,-0.1159,-0.0232,0.9919,0.0535,-0.8976,0.1006,-0.0905,-0.7919,0.1494
0,2023-04-18 13:13:21.6443,1031,d7bb727b4f3dba64bb338227d87a66d3,anonymous,0.0000,0.0000,0.0000,-0.0420,-0.1178,-0.0218,0.9919,0.0460,-0.8904,0.1017,-0.0830,-0.7733,0.1569
0,2023-04-18 13:13:21.6573,1032,d7bb727b4f3dba64bb338227d87a66d3,anonymous,0.0000,0.0000,0.0000,-0.0346,-0.1200,-0.0195,0.9920,0.0361,-0.8803,0.1038,-0.0734,-0.7544,0.1606
0,2023-04-18 13:13:21.6717,1033,d7bb727b4f3dba64bb338227d87a66d3,anonymous,0.0000,0.0000,0.0000,-0.0247,-0.1229,-0.0157,0.9920,0.0270,-0.8705,0.1059,-0.0638,-0.7370,0.1622
0,2023-04-18 13:13:21.6956,1034,d7bb727b4f3dba64bb338227d87a66d3,anonymous,0.0000,0.0000,0.0000,-0.0159,-0.1258,-0.0117,0.9919,0.0195,-0.8629,0.1077,-0.0564,-0.7225,0.1638
0,2023-04-18 13:13:21.7125,1035,d7bb727b4f3dba64bb338227d87a66d3,anonymous,0.0000,0.0000,0.0000,-0.0060,-0.1300,-0.0054,0.9915,0.0124,-0.8557,0.1097,-0.0508,-0.7172,0.1625
0,2023-04-18 13:13:21.7262,1036,d7bb727b4f3dba64bb338227d87a66d3,anonymous,0.0000,0.0000,0.0000,0.0022,-0.1345,-0.0001,0.9909,0.0061,-0.8488,0.1107,-0.0449,-0.7148,0.1627
0,2023-04-18 13:13:21.7419,1037,d7bb727b4f3dba64bb338227d87a66d3,anonymous,0.0000,0.0000,0.0000,0.0208,-0.1450,0.0106,0.9892,-0.0118,-0.8294,0.1134,-0.0257,-0.6883,0.1718
0,2023-04-18 13:13:21.7540,1038,d7bb727b4f3dba64bb338227d87a66d3,anonymous,0.0000,0.0000,0.0000,0.0160,-0.1444,0.0089,0.9893,-0.0034,-0.8366,0.1128,-0.0297,-0.7055,0.1631
0,2023-04-18 13:13:21.7681,1039,d7bb727b4f3dba64bb338227d87a66d3,anonymous,0.0000,0.0000,0.0000,0.0279,-0.1531,0.0164,0.9877,-0.0132,-0.8255,0.1149,-0.0152,-0.6898,0.1663
0,2023-04-18 13:13:21.7819,1040,d7bb727b4f3dba64bb338227d87a66d3,anonymous,0.0000,0.0000,0.0000,0.0333,-0.1593,0.0210,0.9864,-0.0152,-0.8224,0.1162,-0.0066,-0.6899,0.1629
0,2023-04-18 13:13:21.7949,1041,d7bb727b4f3dba64bb338227d87a66d3,anonymous,0.0000,0.0000,0.0000,0.0388,-0.1654,0.0255,0.9851,-0.0168,-0.8196,0.1178,0.0005,-0.6917,0.1608
0,2023-04-18 13:13:21.8092,1042,d7bb727b4f3dba64bb338227d87a66d3,anonymous,0.0000,0.0000,0.0000,0.0440,-0.1725,0.0301,0.9836,-0.0168,-0.8174,0.1200,0.0061,-0.6972,0.1588
0,2023-04-18 13:13:21.8248,1043,d7bb727b4f3dba64bb338227d87a66d3,anonymous,0.0000,0.0000,0.0000,0.0488,-0.1789,0.0339,0.9821,-0.0177,-0.8144,0.1217,0.0099,-0.6984,0.1589
0,2023-04-18 13:13:21.8489,1044,d7bb727b4f3dba64bb338227d87a66d3,anonymous,0.0000,0.0000,0.0000,0.0540,-0.1844,0.0375,0.9807,-0.0196,-0.8109,0.1231,0.0150,-0.6965,0.1592
0,2023-04-18 13:13:21.8644,1045,d7bb727b4f3dba64bb338227d87a66d3,anonymous,0.0000,0.0000,0.0000,0.0537,-0.1910,0.0389,0.9794,-0.0119,-0.8137,0.1244,0.0139,-0.7015,0.1561
0,2023-04-18 13:13:21.8763,1046,d7bb727b4f3dba64bb338227d87a66d3,anonymous,0.0000,0.0000,0.0000,0.0566,-0.1958,0.0418,0.9781,-0.0116,-0.8119,0.1262,0.0173,-0.6987,0.1557
0,2023-04-18 13:13:21.8910,1047,d7bb727b4f3dba64bb338227d87a66d3,anonymous,0.0000,0.0000,0.0000,0.0660,-0.2084,0.0493,0.9746,-0.0128,-0.8055,0.1304,0.0280,-0.6910,0.1550
0,2023-04-18 13:13:21.9047,1048,d7bb727b4f3dba64bb338227d87a66d3,anonymous,0.0000,0.0000,0.0000,0.0599,-0.2038,0.0443,0.9762,-0.0075,-0.8108,0.1289,0.0223,-0.6932,0.1536
0,2023-04-18 13:13:21.9195,1049,d7bb727b4f3dba64bb338227d87a66d3,anonymous,0.0000,0.0000,0.0000,0.0650,-0.2120,0.0476,0.9739,-0.0068,-0.8070,0.1307,0.0292,-0.6877,0.1527
0,2023-04-18 13:13:21.9341,1050,d7bb727b4f3dba64bb338227d87a66d3,anonymous,0.0000,0.0000,0.0000,0.0668,-0.2155,0.0484,0.9730,-0.0065,-0.8050,0.1311,0.0323,-0.6852,0.1521
0,2023-04-18 13:13:21.9469,1051,d7bb727b4f3dba64bb338227d87a66d3,anonymous,0.0000,0.0000,0.0000,0.0665,-0.2169,0.0473,0.9728,-0.0042,-0.8027,0.1308,0.0329,-0.6822,0.1507
0,2023-04-18 13:13:21.9612,1052,d7bb727b4f3dba64bb338227d87a66d3,anonymous,0.0000,0.0000,0.0000,0.0670,-0.2176,0.0466,0.9726,0.0012,-0.8036,0.1294,0.0324,-0.6797,0.1506
0,2023-04-18 13:13:21.9760,1053,d7bb727b4f3dba64bb338227d87a66d3,anonymous,0.0000,0.0000,0.0000,0.0681,-0.2182,0.0467,0.9724,0.0058,-0.8040,0.1251,0.0297,-0.6798,0.1525
0,2023-04-18 13:13:22.0006,1054,d7bb727b4f3dba64bb338227d87a66d3,anonymous,0.0000,0.0000,0.0000,0.0689,-0.2181,0.0474,0.9723,0.0115,-0.8053,0.1216,0.0272,-0.6828,0.1538
0,2023-04-18 13:13:22.0181,1055,d7bb727b4f3dba64bb338227d87a66d3,anonymous,0.0000,0.0000,0.0000,0.0680,-0.2151,0.0484,0.9730,0.0225,-0.8140,0.1198,0.0242,-0.6878,0.1528
0,2023-04-18 13:13:22.0336,1056,d7bb727b4f3dba64bb338227d87a66d3,anonymous,0.0000,0.0000,0.0000,0.0689,-0.2148,0.0494,0.9730,0.0284,-0.8168,0.1201,0.0240,-0.6890,0.1517
0,2023-04-18 13:13:22.0440,1057,d7bb727b4f3dba64bb338227d87a66d3,anonymous,0.0000,0.0000,0.0000,0.0728,-0.2175,0.0521,0.9719,0.0389,-0.8193,0.1199,0.0251,-0.6894,0.1508
0,2023-04-18 13:13:22.0576,1058,d7bb727b4f3dba64bb338227d87a66d3,anonymous,0.0000,0.0000,0.0000,0.0714,-0.2137,0.0500,0.9730,0.0411,-0.8226,0.1219,0.0233,-0.6921,0.1498
0,2023-04-18 13:13:22.0714,1059,d7bb727b4f3dba64bb338227d87a66d3,anonymous,0.0000,0.0000,0.0000,0.0740,-0.2126,0.0512,0.9730,0.0570,-0.8313,0.1210,0.0221,-0.6976,0.1480
0,2023-04-18 13:13:22.0844,1060,d7bb727b4f3dba64bb338227d87a66d3,anonymous,0.0000,0.0000,0.0000,0.0749,-0.2118,0.0518,0.9731,0.0660,-0.8366,0.1209,0.0204,-0.7005,0.1479
0,2023-04-18 13:13:22.0980,1061,d7bb727b4f3dba64bb338227d87a66d3,anonymous,0.0000,0.0000,0.0000,0.0752,-0.2102,0.0524,0.9733,0.0773,-0.8429,0.1219,0.0162,-0.7043,0.1490
0,2023-04-18 13:13:22.1112,1062,d7bb727b4f3dba64bb338227d87a66d3,anonymous,0.0000,0.0000,0.0000,0.0760,-0.2096,0.0530,0.9734,0.0864,-0.8475,0.1221,0.0152,-0.7072,0.1488
0,2023-04-18 13:13:22.1244,1063,d7bb727b4f3dba64bb338227d87a66d3,anonymous,0.0000,0.0000,0.0000,0.0763,-0.2088,0.0535,0.9735,0.0959,-0.8524,0.1227,0.0136,-0.7111,0.1485
0,2023-04-18 13:13:22.1380,1064,d7bb727b4f3dba64bb338227d87a66d3,anonymous,0.0000,0.0000,0.0000,0.0759,-0.2070,0.0535,0.9739,0.1101,-0.8605,0.1262,0.0115,-0.7157,0.1483
0,2023-04-18 13:13:22.1745,1065,d7bb727b4f3dba64bb338227d87a66d3,anonymous,0.0000,0.0000,0.0000,0.0746,-0.2052,0.0519,0.9745,0.1143,-0.8679,0.1315,0.0101,-0.7144,0.1497
0,2023-04-18 13:13:22.1815,1066,d7bb727b4f3dba64bb338227d87a66d3,anonymous,0.0000,0.0000,0.0000,0.0762,-0.2039,0.0528,0.9746,0.1348,-0.8792,0.1343,0.0073,-0.7192,0.1497
0,2023-04-18 13:13:22.1931,1067,d7bb727b4f3dba64bb338227d87a66d3,anonymous,0.0000,0.0000,0.0000,0.0770,-0.2025,0.0531,0.9748,0.1483,-0.8847,0.1356,0.0056,-0.7213,0.1495
0,2023-04-18 13:13:22.2023,1068,d7bb727b4f3dba64bb338227d87a66d3,anonymous,0.0000,0.0000,0.0000,0.0798,-0.1990,0.0546,0.9752,0.1878,-0.9023,0.1389,0.0004,-0.7269,0.1498
0,2023-04-18 13:13:22.2157,1069,d7bb727b4f3dba64bb338227d87a66d3,anonymous,0.0000,0.0000,0.0000,0.0787,-0.1994,0.0543,0.9752,0.1784,-0.8963,0.1365,0.0024,-0.7220,0.1502
0,2023-04-18 13:13:22.2289,1070,d7bb727b4f3dba64bb338227d87a66d3,anonymous,0.0000,0.0000,0.0000,0.0799,-0.1969,0.0556,0.9756,0.2058,-0.9069,0.1369,0.0000,-0.7238,0.1503
0,2023-04-18 13:13:22.2446,1071,d7bb727b4f3dba64bb338227d87a66d3,anonymous,0.0000,0.0000,0.0000,0.0796,-0.1954,0.0562,0.9759,0.2230,-0.9115,0.1354,-0.0005,-0.7247,0.1502
0,2023-04-18 13:13:22.2562,1072,d7bb727b4f3dba64bb338227d87a66d3,anonymous,0.0000,0.0000,0.0000,0.0801,-0.1942,0.0568,0.9760,0.2368,-0.9167,0.1353,-0.0017,-0.7261,0.1502
0,2023-04-18 13:13:22.2690,1073,d7bb727b4f3dba64bb338227d87a66d3,anonymous,0.0000,0.0000,0.0000,0.0771,-0.1926,0.0568,0.9766,0.2564,-0.9178,0.1327,-0.0010,-0.7286,0.1497
0,2023-04-18 13:13:22.2829,1074,d7bb727b4f3dba64bb338227d87a66d3,anonymous,0.0000,0.0000,0.0000,0.0759,-0.1911,0.0570,0.9770,0.2712,-0.9197,0.1313,-0.0016,-0.7312,0.1494
0,2023-04-18 13:13:22.2967,1075,d7bb727b4f3dba64bb338227d87a66d3,anonymous,0.0000,0.0000,0.0000,0.0738,-0.1892,0.0570,0.9775,0.2861,-0.9213,0.1293,-0.0020,-0.7341,0.1489
0,2023-04-18 13:13:22.3224,1076,d7bb727b4f3dba64bb338227d87a66d3,anonymous,0.0000,0.0000,0.0000,0.0715,-0.1867,0.0569,0.9781,0.3002,-0.9218,0.1262,-0.0020,-0.7365,0.1484
0,2023-04-18 13:13:22.3389,1077,d7bb727b4f3dba64bb338227d87a66d3,anonymous,0.0000,0.0000,0.0000,0.0681,-0.1827,0.0590,0.9790,0.3104,-0.9172,0.1209,0.0002,-0.7379,0.1471
0,2023-04-18 13:13:22.3529,1078,d7bb727b4f3dba64bb338227d87a66d3,anonymous,0.0000,0.0000,0.0000,0.0660,-0.1799,0.0607,0.9796,0.3214,-0.9163,0.1182,0.0016,-0.7379,0.1463
0,2023-04-18 13:13:22.3673,1079,d7bb727b4f3dba64bb338227d87a66d3,anonymous,0.0000,0.0000,0.0000,0.0613,-0.1732,0.0638,0.9809,0.3570,-0.9181,0.1115,0.0034,-0.7405,0.1445
0,2023-04-18 13:13:22.3808,1080,d7bb727b4f3dba64bb338227d87a66d3,anonymous,0.0000,0.0000,0.0000,0.0605,-0.1734,0.0639,0.9809,0.3386,-0.9120,0.1116,0.0071,-0.7362,0.1433
0,2023-04-18 13:13:22.3946,1081,d7bb727b4f3dba64bb338227d87a66d3,anonymous,0.0000,0.0000,0.0000,0.0562,-0.1673,0.0664,0.9821,0.3582,-0.9107,0.1060,0.0103,-0.7362,0.1410
0,2023-04-18 13:13:22.4085,1082,d7bb727b4f3dba64bb338227d87a66d3,anonymous,0.0000,0.0000,0.0000,0.0536,-0.1625,0.0682,0.9829,0.3629,-0.9070,0.1026,0.0134,-0.7356,0.1392
0,2023-04-18 13:13:22.4221,1083,d7bb727b4f3dba64bb338227d87a66d3,anonymous,0.0000,0.0000,0.0000,0.0516,-0.1573,0.0706,0.9837,0.3653,-0.9021,0.1003,0.0161,-0.7353,0.1378
0,2023-04-18 13:13:22.4358,1084,d7bb727b4f3dba64bb338227d87a66d3,anonymous,0.0000,0.0000,0.0000,0.0497,-0.1513,0.0731,0.9845,0.3666,-0.8962,0.0988,0.0187,-0.7344,0.1367
0,2023-04-18 13:13:22.4530,1085,d7bb727b4f3dba64bb338227d87a66d3,anonymous,0.0000,0.0000,0.0000,0.0480,-0.1455,0.0753,0.9853,0.3677,-0.8914,0.0955,0.0212,-0.7346,0.1355
0,2023-04-18 13:13:22.4762,1086,d7bb727b4f3dba64bb338227d87a66d3,anonymous,0.0000,0.0000,0.0000,0.0464,-0.1397,0.0775,0.9861,0.3678,-0.8866,0.0930,0.0239,-0.7352,0.1341
0,2023-04-18 13:13:22.4918,1087,d7bb727b4f3dba64bb338227d87a66d3,anonymous,0.0000,0.0000,0.0000,0.0482,-0.1314,0.0810,0.9868,0.3607,-0.8800,0.0913,0.0290,-0.7353,0.1322
0,2023-04-18 13:13:22.5059,1088,d7bb727b4f3dba64bb338227d87a66d3,anonymous,0.0000,0.0000,0.0000,0.0493,-0.1247,0.0810,0.9877,0.3609,-0.8759,0.0900,0.0318,-0.7344,0.1324
0,2023-04-18 13:13:22.5201,1089,d7bb727b4f3dba64bb338227d87a66d3,anonymous,0.0000,0.0000,0.0000,0.0481,-0.1080,0.0838,0.9894,0.3687,-0.8662,0.0842,0.0378,-0.7346,0.1311
0,2023-04-18 13:13:22.5337,1090,d7bb727b4f3dba64bb338227d87a66d3,anonymous,0.0000,0.0000,0.0000,0.0498,-0.1083,0.0814,0.9895,0.3586,-0.8679,0.0866,0.0352,-0.7364,0.1335
0,2023-04-18 13:13:22.5471,1091,d7bb727b4f3dba64bb338227d87a66d3,anonymous,0.0000,0.0000,0.0000,0.0485,-0.0934,0.0846,0.9908,0.3594,-0.8612,0.0822,0.0395,-0.7383,0.1337
0,2023-04-18 13:13:22.5613,1092,d7bb727b4f3dba64bb338227d87a66d3,anonymous,0.0000,0.0000,0.0000,0.0477,-0.0852,0.0868,0.9914,0.3580,-0.8579,0.0797,0.0414,-0.7393,0.1340
0,2023-04-18 13:13:22.5744,1093,d7bb727b4f3dba64bb338227d87a66d3,anonymous,0.0000,0.0000,0.0000,0.0444,-0.0746,0.0901,0.9921,0.3503,-0.8555,0.0764,0.0439,-0.7418,0.1360
0,2023-04-18 13:13:22.5888,1094,d7bb727b4f3dba64bb338227d87a66d3,anonymous,0.0000,0.0000,0.0000,0.0394,-0.0667,0.0913,0.9928,0.3467,-0.8542,0.0734,0.0463,-0.7441,0.1374
0,2023-04-18 13:13:22.6029,1095,d7bb727b4f3dba64bb338227d87a66d3,anonymous,0.0000,0.0000,0.0000,0.0293,-0.0595,0.0917,0.9936,0.3425,-0.8541,0.0706,0.0487,-0.7472,0.1392
0,2023-04-18 13:13:22.6163,1096,d7bb727b4f3dba64bb338227d87a66d3,anonymous,0.0000,0.0000,0.0000,0.0180,-0.0528,0.0920,0.9942,0.3390,-0.8538,0.0681,0.0518,-0.7493,0.1412
0,2023-04-18 13:13:22.6429,1097,d7bb727b4f3dba64bb338227d87a66d3,anonymous,0.0000,0.0000,0.0000,-0.0019,-0.0473,0.0923,0.9946,0.3348,-0.8553,0.0663,0.0548,-0.7522,0.1439
0,2023-04-18 13:13:22.6603,1098,d7bb727b4f3dba64bb338227d87a66d3,anonymous,0.0000,0.0000,0.0000,-0.0521,-0.0503,0.0953,0.9928,0.3300,-0.8643,0.0675,0.0590,-0.7581,0.1498
0,2023-04-18 13:13:22.6699,1099,d7bb727b4f3dba64bb338227d87a66d3,anonymous,0.0000,0.0000,0.0000,-0.0680,-0.0462,0.0964,0.9919,0.3281,-0.8651,0.0663,0.0620,-0.7608,0.1522
0,2023-04-18 13:13:22.6834,1100,d7bb727b4f3dba64bb338227d87a66d3,anonymous,0.0000,0.0000,0.0000,-0.1177,-0.0504,0.0888,0.9878,0.3210,-0.8719,0.0674,0.0726,-0.7646,0.1637
0,2023-04-18 13:13:22.6975,1101,d7bb727b4f3dba64bb338227d87a66d3,anonymous,0.0000,0.0000,0.0000,-0.1036,-0.0571,0.0839,0.9894,0.3221,-0.8726,0.0702,0.0712,-0.7613,0.1640
0,2023-04-18 13:13:22.7108,1102,d7bb727b4f3dba64bb338227d87a66d3,anonymous,0.0000,0.0000,0.0000,-0.1106,-0.0583,0.0780,0.9891,0.3178,-0.8759,0.0718,0.0780,-0.7590,0.1737
0,2023-04-18 13:13:22.7231,1103,d7bb727b4f3dba64bb338227d87a66d3,anonymous,0.0000,0.0000,0.0000,-0.0993,-0.0602,0.0804,0.9900,0.3152,-0.8766,0.0732,0.0806,-0.7540,0.1801
0,2023-04-18 13:13:22.7355,1104,d7bb727b4f3dba64bb338227d87a66d3,anonymous,0.0000,0.0000,0.0000,-0.0945,-0.0603,0.0833,0.9902,0.3129,-0.8774,0.0736,0.0830,-0.7509,0.1856
0,2023-04-18 13:13:22.7498,1105,d7bb727b4f3dba64bb338227d87a66d3,anonymous,0.0000,0.0000,0.0000,-0.0877,-0.0627,0.0854,0.9905,0.3109,-0.8801,0.0730,0.0852,-0.7468,0.1913
0,2023-04-18 13:13:22.7626,1106,d7bb727b4f3dba64bb338227d87a66d3,anonymous,0.0000,0.0000,0.0000,-0.0786,-0.0657,0.0854,0.9911,0.3132,-0.8797,0.0728,0.0821,-0.7460,0.1876
0,2023-04-18 13:13:22.7759,1107,d7bb727b4f3dba64bb338227d87a66d3,anonymous,0.0000,0.0000,0.0000,-0.0882,-0.0730,0.0814,0.9901,0.3103,-0.8872,0.0703,0.0885,-0.7405,0.1963
0,2023-04-18 13:13:22.8026,1108,d7bb727b4f3dba64bb338227d87a66d3,anonymous,0.0000,0.0000,0.0000,-0.0973,-0.0786,0.0774,0.9891,0.3103,-0.8942,0.0682,0.0918,-0.7376,0.2002
0,2023-04-18 13:13:22.8140,1109,d7bb727b4f3dba64bb338227d87a66d3,anonymous,0.0000,0.0000,0.0000,-0.1071,-0.0843,0.0741,0.9879,0.3099,-0.8999,0.0667,0.0946,-0.7346,0.2037
0,2023-04-18 13:13:22.8284,1110,d7bb727b4f3dba64bb338227d87a66d3,anonymous,0.0000,0.0000,0.0000,-0.1132,-0.0865,0.0726,0.9871,0.3084,-0.9032,0.0659,0.0976,-0.7328,0.2079
0,2023-04-18 13:13:22.8424,1111,d7bb727b4f3dba64bb338227d87a66d3,anonymous,0.0000,0.0000,0.0000,-0.1329,-0.1035,0.0646,0.9836,0.3089,-0.9167,0.0644,0.1054,-0.7214,0.2167
0,2023-04-18 13:13:22.8585,1112,d7bb727b4f3dba64bb338227d87a66d3,anonymous,0.0000,0.0000,0.0000,-0.1238,-0.1031,0.0659,0.9847,0.3110,-0.9124,0.0656,0.1012,-0.7237,0.2116
0,2023-04-18 13:13:22.8700,1113,d7bb727b4f3dba64bb338227d87a66d3,anonymous,0.0000,0.0000,0.0000,-0.1305,-0.1135,0.0616,0.9830,0.3111,-0.9187,0.0649,0.1047,-0.7188,0.2179
0,2023-04-18 13:13:22.8840,1114,d7bb727b4f3dba64bb338227d87a66d3,anonymous,0.0000,0.0000,0.0000,-0.1295,-0.1194,0.0582,0.9826,0.3121,-0.9206,0.0651,0.1051,-0.7168,0.2199
0,2023-04-18 13:13:22.8966,1115,d7bb727b4f3dba64bb338227d87a66d3,anonymous,0.0000,0.0000,0.0000,-0.1285,-0.1235,0.0536,0.9825,0.3128,-0.9226,0.0651,0.1050,-0.7156,0.2215
0,2023-04-18 13:13:22.9120,1116,d7bb727b4f3dba64bb338227d87a66d3,anonymous,0.0000,0.0000,0.0000,-0.1314,-0.1277,0.0508,0.9818,0.3130,-0.9253,0.0651,0.1067,-0.7131,0.2246
0,2023-04-18 13:13:22.9246,1117,d7bb727b4f3dba64bb338227d87a66d3,anonymous,0.0000,0.0000,0.0000,-0.1288,-0.1284,0.0473,0.9822,0.3154,-0.9240,0.0680,0.1047,-0.7145,0.2238
0,2023-04-18 13:13:22.9383,1118,d7bb727b4f3dba64bb338227d87a66d3,anonymous,0.0000,0.0000,0.0000,-0.1286,-0.1289,0.0462,0.9822,0.3163,-0.9243,0.0693,0.1038,-0.7150,0.2233
0,2023-04-18 13:13:22.9648,1119,d7bb727b4f3dba64bb338227d87a66d3,anonymous,0.0000,0.0000,0.0000,-0.1282,-0.1292,0.0449,0.9823,0.3172,-0.9246,0.0707,0.1030,-0.7155,0.2229
0,2023-04-18 13:13:22.9795,1120,d7bb727b4f3dba64bb338227d87a66d3,anonymous,0.0000,0.0000,0.0000,-0.1253,-0.1262,0.0441,0.9831,0.3155,-0.9225,0.0724,0.1011,-0.7155,0.2197
0,2023-04-18 13:13:22.9930,1121,d7bb727b4f3dba64bb338227d87a66d3,anonymous,0.0000,0.0000,0.0000,-0.1237,-0.1239,0.0428,0.9836,0.3141,-0.9217,0.0734,0.1001,-0.7146,0.2173
0,2023-04-18 13:13:23.0072,1122,d7bb727b4f3dba64bb338227d87a66d3,anonymous,0.0000,0.0000,0.0000,-0.1246,-0.1253,0.0379,0.9835,0.3129,-0.9240,0.0755,0.0998,-0.7117,0.2175
0,2023-04-18 13:13:23.0214,1123,d7bb727b4f3dba64bb338227d87a66d3,anonymous,0.0000,0.0000,0.0000,-0.1224,-0.1189,0.0419,0.9844,0.3112,-0.9208,0.0756,0.0976,-0.7157,0.2122
0,2023-04-18 13:13:23.0343,1124,d7bb727b4f3dba64bb338227d87a66d3,anonymous,0.0000,0.0000,0.0000,-0.1232,-0.1185,0.0393,0.9845,0.3095,-0.9217,0.0771,0.0966,-0.7149,0.2108
0,2023-04-18 13:13:23.0490,1125,d7bb727b4f3dba64bb338227d87a66d3,anonymous,0.0000,0.0000,0.0000,-0.1236,-0.1185,0.0380,0.9845,0.3086,-0.9224,0.0777,0.0961,-0.7142,0.2104
0,2023-04-18 13:13:23.0648,1126,d7bb727b4f3dba64bb338227d87a66d3,anonymous,0.0000,0.0000,0.0000,-0.1268,-0.1137,0.0354,0.9848,0.3045,-0.9180,0.0819,0.0914,-0.7204,0.2054
0,2023-04-18 13:13:23.0765,1127,d7bb727b4f3dba64bb338227d87a66d3,anonymous,0.0000,0.0000,0.0000,-0.1289,-0.1116,0.0340,0.9848,0.3025,-0.9166,0.0847,0.0880,-0.7233,0.2035
0,2023-04-18 13:13:23.0909,1128,d7bb727b4f3dba64bb338227d87a66d3,anonymous,0.0000,0.0000,0.0000,-0.1296,-0.1102,0.0334,0.9848,0.3009,-0.9156,0.0870,0.0855,-0.7250,0.2023
0,2023-04-18 13:13:23.1148,1129,d7bb727b4f3dba64bb338227d87a66d3,anonymous,0.0000,0.0000,0.0000,-0.1301,-0.1091,0.0341,0.9849,0.2986,-0.9136,0.0902,0.0821,-0.7279,0.2012
0,2023-04-18 13:13:23.1323,1130,d7bb727b4f3dba64bb338227d87a66d3,anonymous,0.0000,0.0000,0.0000,-0.1297,-0.1096,0.0350,0.9849,0.2967,-0.9114,0.0939,0.0784,-0.7318,0.1998
0,2023-04-18 13:13:23.1426,1131,d7bb727b4f3dba64bb338227d87a66d3,anonymous,0.0000,0.0000,0.0000,-0.1291,-0.1101,0.0346,0.9849,0.2954,-0.9105,0.0963,0.0757,-0.7349,0.1985
0,2023-04-18 13:13:23.1577,1132,d7bb727b4f3dba64bb338227d87a66d3,anonymous,0.0000,0.0000,0.0000,-0.1292,-0.1103,0.0329,0.9849,0.2915,-0.9085,0.1020,0.0697,-0.7416,0.1957
0,2023-04-18 13:13:23.1707,1133,d7bb727b4f3dba64bb338227d87a66d3,anonymous,0.0000,0.0000,0.0000,-0.1281,-0.1121,0.0332,0.9848,0.2926,-0.9088,0.1006,0.0707,-0.7420,0.1964
0,2023-04-18 13:13:23.1853,1134,d7bb727b4f3dba64bb338227d87a66d3,anonymous,0.0000,0.0000,0.0000,-0.1276,-0.1142,0.0310,0.9847,0.2904,-0.9073,0.1045,0.0663,-0.7473,0.1940
0,2023-04-18 13:13:23.1975,1135,d7bb727b4f3dba64bb338227d87a66d3,anonymous,0.0000,0.0000,0.0000,-0.1270,-0.1152,0.0299,0.9847,0.2893,-0.9065,0.1065,0.0641,-0.7497,0.1929
0,2023-04-18 13:13:23.2120,1136,d7bb727b4f3dba64bb338227d87a66d3,anonymous,0.0000,0.0000,0.0000,-0.1237,-0.1200,0.0278,0.9846,0.2888,-0.9043,0.1087,0.0624,-0.7522,0.1919
0,2023-04-18 13:13:23.2244,1137,d7bb727b4f3dba64bb338227d87a66d3,anonymous,0.0000,0.0000,0.0000,-0.1203,-0.1257,0.0250,0.9844,0.2882,-0.9017,0.1109,0.0615,-0.7532,0.1907
0,2023-04-18 13:13:23.2369,1138,d7bb727b4f3dba64bb338227d87a66d3,anonymous,0.0000,0.0000,0.0000,-0.1171,-0.1320,0.0211,0.9841,0.2882,-0.8999,0.1128,0.0613,-0.7536,0.1894
0,2023-04-18 13:13:23.2513,1139,d7bb727b4f3dba64bb338227d87a66d3,anonymous,0.0000,0.0000,0.0000,-0.1151,-0.1364,0.0181,0.9838,0.2879,-0.8984,0.1149,0.0607,-0.7543,0.1882
0,2023-04-18 13:13:23.2770,1140,d7bb727b4f3dba64bb338227d87a66d3,anonymous,0.0000,0.0000,0.0000,-0.1161,-0.1343,0.0197,0.9839,0.2889,-0.8994,0.1130,0.0623,-0.7524,0.1893
0,2023-04-18 13:13:23.2931,1141,d7bb727b4f3dba64bb338227d87a66d3,anonymous,0.0000,0.0000,0.0000,-0.1118,-0.1412,0.0122,0.9836,0.2904,-0.8970,0.1172,0.0665,-0.7465,0.1859
0,2023-04-18 13:13:23.3031,1142,d7bb727b4f3dba64bb338227d87a66d3,anonymous,0.0000,0.0000,0.0000,-0.1101,-0.1432,0.0098,0.9835,0.2902,-0.8963,0.1187,0.0672,-0.7456,0.1840
0,2023-04-18 13:13:23.3146,1143,d7bb727b4f3dba64bb338227d87a66d3,anonymous,0.0000,0.0000,0.0000,-0.1041,-0.1483,0.0018,0.9834,0.2894,-0.8942,0.1233,0.0686,-0.7441,0.1780
0,2023-04-18 13:13:23.3306,1144,d7bb727b4f3dba64bb338227d87a66d3,anonymous,0.0000,0.0000,0.0000,-0.1044,-0.1418,0.0039,0.9844,0.2899,-0.8963,0.1201,0.0701,-0.7429,0.1784
0,2023-04-18 13:13:23.3427,1145,d7bb727b4f3dba64bb338227d87a66d3,anonymous,0.0000,0.0000,0.0000,-0.1002,-0.1396,0.0000,0.9851,0.2888,-0.8967,0.1210,0.0710,-0.7418,0.1739
0,2023-04-18 13:13:23.3562,1146,d7bb727b4f3dba64bb338227d87a66d3,anonymous,0.0000,0.0000,0.0000,-0.0994,-0.1347,0.0003,0.9859,0.2873,-0.8982,0.1198,0.0709,-0.7419,0.1717
0,2023-04-18 13:13:23.3715,1147,d7bb727b4f3dba64bb338227d87a66d3,anonymous,0.0000,0.0000,0.0000,-0.0995,-0.1310,0.0008,0.9864,0.2859,-0.8995,0.1184,0.0708,-0.7423,0.1696
0,2023-04-18 13:13:23.3851,1148,d7bb727b4f3dba64bb338227d87a66d3,anonymous,0.0000,0.0000,0.0000,-0.0988,-0.1294,0.0001,0.9867,0.2849,-0.9009,0.1169,0.0709,-0.7427,0.1675
0,2023-04-18 13:13:23.3982,1149,d7bb727b4f3dba64bb338227d87a66d3,anonymous,0.0000,0.0000,0.0000,-0.0979,-0.1286,-0.0009,0.9869,0.2840,-0.9022,0.1155,0.0711,-0.7430,0.1656
0,2023-04-18 13:13:23.4115,1150,d7bb727b4f3dba64bb338227d87a66d3,anonymous,0.0000,0.0000,0.0000,-0.0969,-0.1286,-0.0016,0.9870,0.2829,-0.9041,0.1132,0.0714,-0.7434,0.1640
0,2023-04-18 13:13:23.4360,1151,d7bb727b4f3dba64bb338227d87a66d3,anonymous,0.0000,0.0000,0.0000,-0.0971,-0.1292,-0.0030,0.9869,0.2818,-0.9064,0.1107,0.0717,-0.7438,0.1626
0,2023-04-18 13:13:23.4545,1152,d7bb727b4f3dba64bb338227d87a66d3,anonymous,0.0000,0.0000,0.0000,-0.1010,-0.1322,-0.0048,0.9861,0.2805,-0.9102,0.1070,0.0719,-0.7445,0.1624
0,2023-04-18 13:13:23.4701,1153,d7bb727b4f3dba64bb338227d87a66d3,anonymous,0.0000,0.0000,0.0000,-0.1028,-0.1347,-0.0063,0.9855,0.2792,-0.9121,0.1048,0.0717,-0.7444,0.1623
0,2023-04-18 13:13:23.4812,1154,d7bb727b4f3dba64bb338227d87a66d3,anonymous,0.0000,0.0000,0.0000,-0.1030,-0.1369,-0.0103,0.9852,0.2766,-0.9159,0.1013,0.0722,-0.7445,0.1587
0,2023-04-18 13:13:23.4925,1155,d7bb727b4f3dba64bb338227d87a66d3,anonymous,0.0000,0.0000,0.0000,-0.1032,-0.1366,-0.0091,0.9852,0.2776,-0.9148,0.1024,0.0723,-0.7445,0.1599
0,2023-04-18 13:13:23.5086,1156,d7bb727b4f3dba64bb338227d87a66d3,anonymous,0.0000,0.0000,0.0000,-0.1061,-0.1438,-0.0111,0.9838,0.2749,-0.9200,0.0962,0.0706,-0.7441,0.1622
0,2023-04-18 13:13:23.5214,1157,d7bb727b4f3dba64bb338227d87a66d3,anonymous,0.0000,0.0000,0.0000,-0.1067,-0.1450,-0.0115,0.9836,0.2744,-0.9227,0.0931,0.0697,-0.7439,0.1625
0,2023-04-18 13:13:23.5355,1158,d7bb727b4f3dba64bb338227d87a66d3,anonymous,0.0000,0.0000,0.0000,-0.1070,-0.1462,-0.0123,0.9834,0.2739,-0.9250,0.0904,0.0690,-0.7439,0.1624
0,2023-04-18 13:13:23.5499,1159,d7bb727b4f3dba64bb338227d87a66d3,anonymous,0.0000,0.0000,0.0000,-0.1069,-0.1473,-0.0125,0.9832,0.2739,-0.9279,0.0865,0.0672,-0.7442,0.1631
0,2023-04-18 13:13:23.5640,1160,d7bb727b4f3dba64bb338227d87a66d3,anonymous,0.0000,0.0000,0.0000,-0.1070,-0.1481,-0.0127,0.9831,0.2736,-0.9300,0.0834,0.0658,-0.7440,0.1632
0,2023-04-18 13:13:23.5885,1161,d7bb727b4f3dba64bb338227d87a66d3,anonymous,0.0000,0.0000,0.0000,-0.1069,-0.1482,-0.0127,0.9831,0.2732,-0.9319,0.0805,0.0647,-0.7435,0.1632
0,2023-04-18 13:13:23.6045,1162,d7bb727b4f3dba64bb338227d87a66d3,anonymous,0.0000,0.0000,0.0000,-0.1077,-0.1469,-0.0115,0.9832,0.2725,-0.9331,0.0775,0.0625,-0.7422,0.1643
0,2023-04-18 13:13:23.6162,1163,d7bb727b4f3dba64bb338227d87a66d3,anonymous,0.0000,0.0000,0.0000,-0.1086,-0.1453,-0.0112,0.9833,0.2724,-0.9342,0.0752,0.0611,-0.7416,0.1641
0,2023-04-18 13:13:23.6313,1164,d7bb727b4f3dba64bb338227d87a66d3,anonymous,0.0000,0.0000,0.0000,-0.1097,-0.1448,-0.0122,0.9833,0.2716,-0.9378,0.0695,0.0583,-0.7409,0.1632
0,2023-04-18 13:13:23.6428,1165,d7bb727b4f3dba64bb338227d87a66d3,anonymous,0.0000,0.0000,0.0000,-0.1092,-0.1435,-0.0118,0.9835,0.2723,-0.9359,0.0716,0.0588,-0.7415,0.1629
0,2023-04-18 13:13:23.6588,1166,d7bb727b4f3dba64bb338227d87a66d3,anonymous,0.0000,0.0000,0.0000,-0.1093,-0.1423,-0.0125,0.9837,0.2722,-0.9371,0.0687,0.0568,-0.7414,0.1618
0,2023-04-18 13:13:23.6738,1167,d7bb727b4f3dba64bb338227d87a66d3,anonymous,0.0000,0.0000,0.0000,-0.1091,-0.1421,-0.0131,0.9837,0.2724,-0.9369,0.0679,0.0560,-0.7415,0.1609
0,2023-04-18 13:13:23.6865,1168,d7bb727b4f3dba64bb338227d87a66d3,anonymous,0.0000,0.0000,0.0000,-0.1089,-0.1420,-0.0138,0.9838,0.2724,-0.9374,0.0665,0.0553,-0.7415,0.1603
0,2023-04-18 13:13:23.7000,1169,d7bb727b4f3dba64bb338227d87a66d3,anonymous,0.0000,0.0000,0.0000,-0.1088,-0.1420,-0.0146,0.9838,0.2728,-0.9371,0.0660,0.0547,-0.7415,0.1596
0,2023-04-18 13:13:23.7126,1170,d7bb727b4f3dba64bb338227d87a66d3,anonymous,0.0000,0.0000,0.0000,-0.1089,-0.1419,-0.0151,0.9838,0.2727,-0.9379,0.0642,0.0539,-0.7412,0.1591
0,2023-04-18 13:13:23.7254,1171,d7bb727b4f3dba64bb338227d87a66d3,anonymous,0.0000,0.0000,0.0000,-0.1066,-0.1428,-0.0172,0.9838,0.2743,-0.9344,0.0671,0.0543,-0.7424,0.1575
0,2023-04-18 13:13:23.7502,1172,d7bb727b4f3dba64bb338227d87a66d3,anonymous,0.0000,0.0000,0.0000,-0.1065,-0.1428,-0.0181,0.9838,0.2747,-0.9337,0.0670,0.0539,-0.7425,0.1567
0,2023-04-18 13:13:23.7655,1173,d7bb727b4f3dba64bb338227d87a66d3,anonymous,0.0000,0.0000,0.0000,-0.1079,-0.1439,-0.0180,0.9835,0.2750,-0.9300,0.0718,0.0553,-0.7434,0.1568
0,2023-04-18 13:13:23.7789,1174,d7bb727b4f3dba64bb338227d87a66d3,anonymous,0.0000,0.0000,0.0000,-0.1094,-0.1448,-0.0197,0.9832,0.2748,-0.9261,0.0726,0.0546,-0.7439,0.1556
0,2023-04-18 13:13:23.7938,1175,d7bb727b4f3dba64bb338227d87a66d3,anonymous,0.0000,0.0000,0.0000,-0.1119,-0.1464,-0.0224,0.9826,0.2737,-0.9241,0.0711,0.0534,-0.7450,0.1538
